--GvdHSAsBs,20,30,/m/02pjr4
-3k1Xl7eriw,140,150,/m/02pjr4
-5SglSseBko,180,190,/m/02pjr4
-6-rh8kbZf0,40,50,/m/02pjr4
-6XpcYja_QQ,210,220,/m/02pjr4
-BvlRNfCz1w,50,60,"/m/02pjr4,/m/09x0r,/t/dd00125"
-EvFB12zCk8,30,40,/m/02pjr4
-Gkv_n71Emk,30,40,/m/02pjr4
-H8nh3Z1__M,170,180,/m/02pjr4
-HyhSn6rU8A,100,110,"/m/02pjr4,/t/dd00125"
-T5KPWf0llU,110,120,"/m/02pjr4,/m/09x0r"
-_TAzzQB_6E,310,320,/m/02pjr4
-_UM0h1qcBM,40,50,/m/02pjr4
-aHF0scCGc4,470,480,/m/02pjr4
-fy0rQoumZ0,230,240,/m/02pjr4
-ghB9TOCBR8,50,60,/m/02pjr4
-klrkvfrYXU,70,80,"/m/02pjr4,/t/dd00125"
-rQOBpBoyXw,220,230,/m/02pjr4
-toGk_oBULM,330,340,/m/02pjr4
-uIrOdeAZbQ,10,20,/m/02pjr4
-vikB7ZBCkg,0,7,"/m/02pjr4,/m/0c1dj"
-z9G9RrH9so,320,330,/m/02pjr4
00m3AbSa21M,550,560,/m/02pjr4
048PO4BG6A0,60,70,"/m/02pjr4,/m/09x0r"
06xprMsre2M,80,90,"/m/02pjr4,/m/09x0r"
07_-zHUC8LA,80,90,"/m/02pjr4,/m/04rlf,/m/09x0r"
0Ai4KF7DvP4,560,570,/m/02pjr4
0EdTG-2RKMw,70,80,/m/02pjr4
0NT0U1lcVXA,90,100,"/m/02pjr4,/m/04rlf,/m/09x0r,/t/dd00125"
0R06GmUsGww,40,50,/m/02pjr4
0Tt-SGltms0,480,490,"/m/02pjr4,/m/083vt,/m/09x0r"
0Tug2yEoHec,30,40,/m/02pjr4
0XURSgwK0VA,210,220,/m/02pjr4
0_zh25VgrPY,50,60,"/m/02pjr4,/m/04rlf,/t/dd00125"
0hy1fvEH4Zs,30,40,"/m/02pjr4,/m/09x0r"
0kLEZglWPAI,230,240,/m/02pjr4
0oQT-Cbz6D0,60,70,/m/02pjr4
0u_Vnb_8Sp8,530,540,"/m/02pjr4,/m/09x0r,/t/dd00125"
0yFZ4mGgqgk,90,100,"/m/02pjr4,/m/04rlf,/m/09x0r"
1-0EYLUEbRo,340,350,"/m/02pjr4,/m/07k1x,/m/09x0r"
10orprocVRw,360,370,"/m/02pjr4,/m/09x0r,/t/dd00125"
16YYTRJavNE,110,120,/m/02pjr4
1FX_jUCyP6Y,30,40,/m/02pjr4
1GP6Q2MT-PA,70,80,/m/02pjr4
1GUZ1qlXK8M,70,80,/m/02pjr4
1MMFztEi-Hk,240,250,/m/02pjr4
1asrcrzsvuo,160,170,/m/02pjr4
1bGiPm8VF0I,18,28,/m/02pjr4
1bdyFJt5nI4,100,110,/m/02pjr4
1dzC8qk5Caw,40,50,"/m/02pjr4,/m/07k1x"
1eOhQvtQHm0,160,170,/m/02pjr4
1easzswv0OM,130,140,/m/02pjr4
1f4p0vedfI8,220,230,/m/02pjr4
1j3EdSOu7ME,30,40,"/m/02pjr4,/m/07k1x"
1np6pFWeYNE,200,210,"/m/02pjr4,/m/09x0r,/t/dd00125"
1vXVjlZlCf4,30,40,"/m/02pjr4,/m/09x0r"
1yysoT-rpsM,350,360,"/m/02pjr4,/m/09x0r,/t/dd00125"
29QFbzq50oE,20,30,/m/02pjr4
2EoNTqlwPi0,90,100,/m/02pjr4
2HKrcHOigTU,130,140,/m/02pjr4
2P_Yh66CIhY,20,30,/m/02pjr4
2U62puSGwOA,230,240,"/m/02pjr4,/m/09x0r,/t/dd00125"
2U6WeaRLEds,140,150,"/m/02pjr4,/m/04rlf,/m/09x0r,/t/dd00125"
2U6aYsjc1UM,130,140,/m/02pjr4
2X6NE7dA1vw,200,210,"/m/02pjr4,/m/04rlf,/m/09x0r,/t/dd00125"
2aPtGGf0AEg,290,300,"/m/02pjr4,/m/09x0r,/t/dd00125"
2e0e1vWsyJ8,70,80,/m/02pjr4
2eI4UUKSMb8,30,40,/m/02pjr4
2jZFbQOwODE,220,230,/m/02pjr4
2mnKss5JdAU,80,90,/m/02pjr4
2njW17xoQHY,40,50,/m/02pjr4
2oBvH_38fzI,160,170,"/m/02pjr4,/m/09x0r"
2sX5a11I5UQ,480,490,/m/02pjr4
2tX_nAyRSp0,130,140,/m/02pjr4
2uEhiH24plM,70,80,/m/02pjr4
2uYwx8DBmLc,140,150,"/m/02pjr4,/m/09x0r"
2xYCc2ZQF4E,170,180,"/m/02pjr4,/m/09x0r"
2yU_rjQjjo4,410,420,/m/02pjr4
32q-px6hbv8,290,300,/m/02pjr4
35Id1r22ypE,30,40,/m/02pjr4
38kZ_EcTKNI,50,60,/m/02pjr4
3EJ5Yf5hkx0,150,160,/m/02pjr4
3KRWwv1B1bc,130,140,/m/02pjr4
3Kyffg008HM,490,500,"/m/02pjr4,/m/04rlf"
3VVmFmYQsq0,30,40,/m/02pjr4
3Y-bKlz6yDY,340,350,/m/02pjr4
3_MU0ugzqKI,16,26,/m/02pjr4
3aau8XlZ6rk,110,120,"/m/02pjr4,/m/09x0r,/t/dd00125"
3dL2eXvz7yQ,280,290,/m/02pjr4
3lImiupWJ-g,10,20,"/m/02pjr4,/m/09x0r"
3r9NflVxUQw,320,330,/m/02pjr4
3rn-t1PF84A,80,90,"/m/02pjr4,/m/09x0r"
3sNrNlVxMu8,110,120,/m/02pjr4
4EU1ru6AI1Y,110,120,/m/02pjr4
4Es_oSTs_Gc,230,240,"/m/02pjr4,/m/09x0r,/t/dd00125"
4Q37R8tiQUo,370,380,"/m/02pjr4,/m/09x0r"
4WLQloq6iLs,190,200,"/m/02pjr4,/m/09x0r,/t/dd00125"
4Xvbqxv8DTg,330,340,"/m/02pjr4,/m/04rlf,/t/dd00125"
4_yLxXvtm9s,90,100,/m/02pjr4
4aeWOVHDPoU,580,590,"/m/02pjr4,/m/09x0r,/t/dd00125"
4dPxaf3PT4E,20,30,/m/02pjr4
4g6Yumdb0iI,50,60,/m/02pjr4
4h1GQECU4GM,330,340,/m/02pjr4
4nm2U07swz0,40,50,/m/02pjr4
4owlyCOzDiE,160,170,"/m/02pjr4,/t/dd00125"
4qcrawQOVTM,260,270,/m/02pjr4
4sHNykqZDNE,10,20,/m/02pjr4
4uuGBWihU3g,100,110,/m/02pjr4
4v9CMU2SXso,260,270,"/m/02pjr4,/t/dd00125"
4xIq6W9b4jY,60,70,"/m/02pjr4,/m/09x0r"
50Ophs2Ih-4,120,130,"/m/01d380,/m/02pjr4,/m/09x0r"
52dupxkQbFo,260,270,/m/02pjr4
530yiQ7x99E,570,580,/m/02pjr4
558YuvyAoao,50,60,/m/02pjr4
56hglfxZmSA,200,210,/m/02pjr4
57L82bDE3qw,360,370,/m/02pjr4
585sVgKWYHg,130,140,/m/02pjr4
5EZwT9M5pSA,60,70,/m/02pjr4
5EeA6toiZCM,400,410,"/m/02pjr4,/m/07k1x,/m/09x0r,/t/dd00125"
5IDCyA2GDgs,30,40,/m/02pjr4
5P78H_fNvbg,80,90,/m/02pjr4
5PH1rXBEb4w,540,550,/m/02pjr4
5S85tBSOyWE,170,180,"/m/02pjr4,/m/09x0r,/t/dd00126"
5SCs_1C6sTc,210,220,/m/02pjr4
5VRQeBUWq6Y,50,60,/m/02pjr4
5YpCQdZqbys,270,280,/m/02pjr4
5aSyIbD6jY4,70,80,"/m/02pjr4,/m/09x0r"
5dI6uTc-ELo,240,250,/m/02pjr4
5fg4OOQEHgA,40,50,/m/02pjr4
5hfbG-moVQE,530,540,"/m/02pjr4,/m/07k1x,/m/09x0r,/t/dd00125"
5ioGzyY8bU0,130,140,/m/02pjr4
5mRrha-NzhY,250,260,/m/02pjr4
5re0HmpAwWo,50,60,/m/02pjr4
5rq2cNIJjDY,100,110,"/m/02pjr4,/m/09x0r"
5ySPLstciNg,130,140,/m/02pjr4
65IrP6p0D0w,40,50,/m/02pjr4
69HgDj5ObUE,380,390,"/m/02pjr4,/m/09x0r,/t/dd00125"
6EeyngaELKA,0,10,/m/02pjr4
6Jec5pP8JKQ,70,80,/m/02pjr4
6P6a4R2uZFI,10,20,"/m/02pjr4,/m/09x0r,/t/dd00125"
6PwBeL3Abl8,60,70,/m/02pjr4
6RdolW1mrGY,60,70,/m/02pjr4
6ZCxQMhyMsI,290,300,/m/02pjr4
6ZItiwdcRJY,80,90,"/m/02pjr4,/m/09x0r"
6_ADEY85YME,110,120,/m/02pjr4
6fxpVuxEHW4,380,390,"/m/02pjr4,/t/dd00125"
6giZCLr_kHQ,110,120,"/m/02pjr4,/m/09x0r,/t/dd00125"
6i7qgb6DDEw,350,360,"/m/02pjr4,/m/09x0r"
6iXijeJwyEg,170,180,/m/02pjr4
7-Pb33nUWKI,40,50,/m/02pjr4
71hok0SyfYc,160,170,/m/02pjr4
74OUjZZF1cs,110,120,"/m/02pjr4,/m/09x0r"
75vwk1AunM8,66,76,/m/02pjr4
7669caVFJl8,40,50,/m/02pjr4
76tcQ7nWdG8,40,50,/m/02pjr4
79se-Y2lBQ8,50,60,/m/02pjr4
7GZOcx0GrsY,230,240,/m/02pjr4
7LPUszo1Iik,50,60,/m/02pjr4
7OhK3f4X1VQ,7,17,"/m/02pjr4,/m/09x0r,/t/dd00129"
7Q54nK6W7lM,480,490,/m/02pjr4
7agGfavyTX4,120,130,/m/02pjr4
7bebYVKl7t8,510,520,"/m/02pjr4,/m/09x0r"
7cQIg0b5-ls,40,50,/m/02pjr4
7dXUa2pyKtI,140,150,/m/02pjr4
7e0o8Lw4Ve4,150,160,/m/02pjr4
7h3XBP8Jnf0,270,280,"/m/02pjr4,/m/09x0r"
7hflHDEB7H8,220,230,/m/02pjr4
7qgIhwPX444,190,200,/m/02pjr4
7rTMdX59iXY,290,300,/m/02pjr4
7sH5r4U1Nc0,590,600,/m/02pjr4
7wPIQMsalK8,70,80,"/m/02pjr4,/m/04rlf"
7wi2e54glEM,180,190,/m/02pjr4
7yeWLEus7OI,80,90,"/m/02g901,/m/02pjr4"
7zXcQDhtZDs,210,220,/m/02pjr4
83Txe5EAijU,260,270,/m/02pjr4
8FdSTXcdd_I,90,100,"/m/02pjr4,/m/09x0r,/t/dd00125"
8KuJppQ-eYo,60,70,/m/02pjr4
8PQSP1b_0rI,19,29,/m/02pjr4
8Q4HKl6mQW0,140,150,/m/02pjr4
8ULJxyCGIDo,130,140,"/m/02pjr4,/m/09x0r,/t/dd00125"
8WynfF2pI18,30,40,/m/02pjr4
8YJpq0vxMJw,140,150,/m/02pjr4
8aW2zmJ23L8,20,30,"/m/02pjr4,/m/09x0r"
8ajbjZHEE84,30,40,/m/02pjr4
8obWqtuEQEs,50,60,/m/02pjr4
8sVHU5ZS5zA,30,40,"/m/02pjr4,/m/09x0r"
8vH-7eaPSuQ,110,120,/m/02pjr4
8xGTYSfiOho,70,80,/m/02pjr4
8z96uACUAGs,50,60,/m/02pjr4
90WHXVizpa4,560,570,/m/02pjr4
95kAJIq-x4Q,50,60,/m/02pjr4
99OwHVyV-TU,110,120,"/m/02pjr4,/m/04rlf"
99cwh996lpU,540,550,"/m/02pjr4,/m/04rlf,/m/09x0r,/t/dd00125"
9Bac9Hg6ix8,200,210,/m/02pjr4
9F8Ea-D4s2s,350,360,/m/02pjr4
9Ofjpk0RRAc,50,60,/m/02pjr4
9QYrSEuK2y8,80,90,/m/02pjr4
9V-F5sW1vk8,20,30,/m/02pjr4
9aNXDP2rv7o,220,230,"/m/02pjr4,/m/09x0r,/t/dd00125"
9aWNjRqjmDo,160,170,"/m/02pjr4,/m/09x0r,/t/dd00125"
9easZMjj8eE,140,150,/m/02pjr4
9fp-9qML6j0,0,10,/m/02pjr4
9wjb1AfkAns,230,240,/m/02pjr4
A2NmIgKQHUA,80,90,/m/02pjr4
A3PMT969DWU,70,80,"/m/02pjr4,/m/04rlf,/t/dd00125"
A4sj2bnvHXo,70,80,/m/02pjr4
ADWJi2_29s8,10,20,/m/02pjr4
AHI9ptKW-jM,120,130,/m/02pjr4
AIGmmaB1jNg,260,270,"/m/02pjr4,/m/04rlf,/m/09x0r"
ARWLYqQDb6w,440,450,"/m/02pjr4,/m/04rlf,/m/09x0r,/t/dd00125"
AS51CyZwBLg,260,270,/m/02pjr4
ASR-Cyn6UHE,60,70,/m/02pjr4
Af4IXUXQOXI,320,330,/m/02pjr4
AfOyCp3lL1Q,490,500,"/m/02pjr4,/m/09x0r"
Ahopgeu0JLY,60,70,/m/02pjr4
Anu97oga7_k,70,80,"/m/02mk9,/m/02pjr4,/t/dd00125"
ApAmLsZYj0A,90,100,/m/02pjr4
AuM1rU__KQA,360,370,/m/02pjr4
Av2ayYxovQQ,3,13,/m/02pjr4
AxjJx12nSDY,380,390,/m/02pjr4
AxvTNqLzG90,180,190,"/m/02pjr4,/m/09x0r,/m/0ytgt"
Ayl4EbZXANQ,280,290,/m/02pjr4
B40LYUDQXsI,220,230,/m/02pjr4
B4d09kEOrS0,40,50,/m/02pjr4
B6ggNg0zh7g,50,60,/m/02pjr4
BFPdcRVBj7g,540,550,"/m/02pjr4,/t/dd00125"
BMiWTybWmiQ,30,40,/m/02pjr4
BPSRVgxZwbk,238,248,/m/02pjr4
BeYwknWFyQY,0,10,/m/02pjr4
BgVcixbm12Y,300,310,"/m/02pjr4,/m/09x0r,/t/dd00125"
Bi6KCe9AM30,150,160,/m/02pjr4
BkUdwj5JR0Q,20,30,"/m/02pjr4,/m/04rlf,/m/09x0r,/t/dd00125"
Bma1LAXdxoI,80,90,/m/02pjr4
Br8Rn5iN8ko,80,90,/m/02pjr4
BuCXr4C5RRc,270,280,"/m/02pjr4,/t/dd00125"
BuYLhXrknLc,60,70,/m/02pjr4
BwJgOCnwsA8,80,90,"/m/02pjr4,/m/04rlf,/m/09x0r,/t/dd00125"
Bwk2_ojebIs,30,40,/m/02pjr4
C2ZwwKIThvU,10,20,/m/02pjr4
C6G6Clcqhvs,170,180,/m/02pjr4
C8NPjvCLGak,20,30,/m/02pjr4
C8obKwBa33A,40,50,/m/02pjr4
C9cqgHZeGxo,170,180,/m/02pjr4
CFlJ3s8bThc,10,20,/m/02pjr4
CFyKc5-3BF0,420,430,/m/02pjr4
CG6PGt5GazM,0,10,/m/02pjr4
CH4_LVdfV8Q,30,40,"/m/02pjr4,/m/09x0r"
CIHeWEyXlBo,380,390,"/m/02pjr4,/m/09x0r"
CKZ6cyVKQEw,120,130,/m/02pjr4
CNRLrz9xUwY,30,40,/m/02pjr4
CYLZnd9SB7Y,40,50,"/m/02pjr4,/t/dd00125"
CYQJHHZsfA0,20,30,/m/02pjr4
CZC4YL6Y6Hs,200,210,/m/02pjr4
CePd0H0KpUU,30,40,/m/02pjr4
CfwwGTvK32M,270,280,"/m/02pjr4,/m/07yv9,/m/0k4j"
CnnHUP_Q2E0,30,40,/m/02pjr4
CrNr56E9Xxk,400,410,"/m/02pjr4,/m/04rlf,/m/09x0r,/t/dd00125"
D-lPu_FeOM0,180,190,"/m/02pjr4,/m/07yv9"
D0ocSkWkH3Q,90,100,/m/02pjr4
D48eNvFEqAY,410,420,"/m/02pjr4,/m/07yv9,/m/0k4j,/m/0ltv"
D7ICNdqFvak,20,30,/m/02pjr4
DJ1T9Es0htI,310,320,/m/02pjr4
DLFIy38xCB8,150,160,/m/02pjr4
DVOViTkg0K4,530,540,/m/02pjr4
DgElEEFPRaE,570,580,/m/02pjr4
Dmt0R2LLPTI,20,30,/m/02pjr4
DoW-vPhJbK4,60,70,"/m/02pjr4,/m/09x0r"
DptBcsuywGc,90,100,/m/02pjr4
DvgyFP7jxh4,70,80,"/m/02pjr4,/m/09x0r"
DvntfZKOkFg,70,80,"/m/02pjr4,/m/09x0r"
DxLsuLSwPXg,40,50,"/m/02pjr4,/m/09x0r"
DyR8b5DiLJI,240,250,"/m/02pjr4,/m/04rlf,/m/09x0r,/t/dd00125"
E0ehPZ7wX2A,50,60,/m/02pjr4
E5k7VYbSlCY,70,80,/m/02pjr4
E6H3SCi5sE4,30,40,/m/02pjr4
E7G6FgcJTQ0,150,160,/m/02pjr4
EBHLO06PQlU,100,110,/m/02pjr4
EIcxm8yFO5w,40,50,"/m/02pjr4,/m/07qyrcz,/m/09x0r"
EIuhmqRkNiA,290,300,/m/02pjr4
EKMWyHlCzok,30,40,/m/02pjr4
ELLW7TNfBXU,90,100,/m/02pjr4
EO16WF9j9dM,21,31,/m/02pjr4
EQyvlptJLCk,370,380,/m/02pjr4
ESbd8Ku7GzM,200,210,/m/02pjr4
ESfOqi5mHtc,240,250,"/m/02pjr4,/m/09x0r,/t/dd00125"
ETlSozacsBQ,210,220,/m/02pjr4
EUtpm8jPQes,0,10,/m/02pjr4
EW083PE04_Y,570,580,/m/02pjr4
EXxybikM85E,30,40,/m/02pjr4
Es26zEw6qTo,60,70,/m/02pjr4
Etz9-C9oVyQ,10,20,/m/02pjr4
Eu21XkBhE0I,30,40,/m/02pjr4
EuQ6qqoAdUE,290,300,/m/02pjr4
EuxdL1Ljdck,250,260,/m/02pjr4
EwRkkTwc2UU,150,160,"/m/02pjr4,/m/04rlf,/m/09x0r,/t/dd00125"
ExlWk1VNQ-4,130,140,"/m/02pjr4,/m/09x0r"
F3re2TZjzVM,570,580,/m/02pjr4
F8CrXVJ-wrs,30,40,/m/02pjr4
FCnSVLG31Yg,120,130,"/m/02pjr4,/m/09x0r,/t/dd00125"
FLeBD2dLXeE,40,50,/m/02pjr4
FONZHPp4wYs,50,60,"/m/02pjr4,/m/09x0r,/t/dd00065"
FOUjOK2AZ30,550,560,"/m/02pjr4,/m/09x0r,/t/dd00127"
FPIXF5Pe_vw,190,200,/m/02pjr4
FSUV_qZOxDs,400,410,/m/02pjr4
FTQpKAFd7xM,40,50,"/m/02pjr4,/m/09x0r"
FUsdmVxIGFg,100,110,/m/02pjr4
FW558yRZLg0,250,260,"/m/02pjr4,/m/09x0r"
FideUHWF5-4,50,60,"/m/02pjr4,/m/09x0r"
Fpnlyu8lrmk,100,110,/m/02pjr4
FrssFjfjx2Y,80,90,/m/02pjr4
Fs89cJm-ans,100,110,/m/02pjr4
FsTHXy_bxLY,340,350,"/m/02pjr4,/t/dd00125"
Fx6ebB-TSvY,30,40,"/m/02pjr4,/m/07q2z82"
Fz7Hnh4CWqI,120,130,/m/02pjr4
G0sspbgdhIQ,260,270,"/m/02pjr4,/m/04rlf,/m/09x0r"
G1KMc7Ml-9o,30,40,"/m/02pjr4,/m/09x0r"
G3pBZO5zFrE,340,350,/m/02pjr4
G6VTmMFY-a0,110,120,/m/02pjr4
G9r0dTtAc5I,0,10,/m/02pjr4
GASPuhji9ZA,100,110,/m/02pjr4
GBpyEJ9Y5sE,30,40,/m/02pjr4
GBvn7VpQNwo,30,40,/m/02pjr4
GEHtSaZ3t6U,250,260,/m/02pjr4
GGRYF9UPuXc,9,19,/m/02pjr4
GJLqC6Th-TM,0,10,/m/02pjr4
GQPATBYxZRg,190,200,"/m/02pjr4,/m/09x0r"
GVAaqDCydQM,30,40,/m/02pjr4
GdzarSP8FOI,20,30,"/m/02pjr4,/m/04rlf"
GeOYvRFDGPQ,50,60,/m/02pjr4
GhpCI9EjGrg,30,40,/m/02pjr4
GkjMWXHp0Ek,150,160,/m/02pjr4
GnIM-RIG0Ok,500,510,"/m/02pjr4,/m/09x0r"
GqPKKTyHKu4,20,30,/m/02pjr4
GrVTfWtpO4g,390,400,/m/02pjr4
GtuPMrHOjnw,130,140,/m/02pjr4
GuTV6Natvo8,50,60,"/m/02pjr4,/m/07k1x,/t/dd00125"
GyMxk6jKJnE,40,50,/m/02pjr4
H-BO8Ilh_wA,130,140,"/m/02pjr4,/m/09x0r"
H35Bg4O9KVA,20,30,/m/02pjr4
H7y0kpfjj_E,0,10,/m/02pjr4
H8Crsxy_msg,90,100,"/m/02pjr4,/m/09x0r,/t/dd00125"
H9F9qvYYdPA,40,50,/m/02pjr4
H9X9i0l8xNw,30,40,/m/02pjr4
HJ_f2Y-WE2k,30,40,"/m/02pjr4,/m/09x0r"
HMbbWDcwqpg,120,130,/m/02pjr4
HOL59pC3rAE,90,100,/m/02pjr4
HP03EqqflxM,290,300,"/m/02pjr4,/m/09x0r"
HTz5JDcL-eE,140,150,"/m/02pjr4,/m/09x0r,/t/dd00125"
HUJ-ETH8edc,70,80,"/m/02pjr4,/t/dd00125"
HXsvIOlu7Q4,210,220,/m/02pjr4
HYTD1G_reNY,50,60,/m/02pjr4
HbTbhLiYoNs,70,80,"/m/02pjr4,/m/09x0r"
HbcjeIhu8xA,380,390,/m/02pjr4
HhiK0P8JWDg,130,140,/m/02pjr4
HifiWWLYPWE,20,30,"/m/02pjr4,/t/dd00125"
HmrEu1CwQl0,0,10,/m/02pjr4
HqNElboqs94,220,230,"/m/02pjr4,/m/09x0r,/t/dd00125"
HtrM3GQgaLE,370,380,/m/02pjr4
Hz42nohV6b8,60,70,"/m/02pjr4,/m/04rlf"
I-vRli7IHH8,160,170,/m/02pjr4
I8pTmsaXJ5Y,10,20,/m/02pjr4
IA0OgFWjm4Q,160,170,"/m/02pjr4,/m/09x0r"
IN9ksOvBbuw,30,40,"/m/02pjr4,/m/04rlf,/m/09x0r"
IWSIdvr03a8,130,140,/m/02pjr4
IXt6jqcNdVY,270,280,/m/02pjr4
IZUSUCgdSFg,40,50,"/m/02pjr4,/m/09x0r"
Ian4jpPHi3o,320,330,/m/02pjr4
IcbVViItpb0,90,100,/m/02pjr4
IihiNGeYYbo,230,240,/m/02pjr4
ImJOzNj5ApQ,30,40,/m/02pjr4
ImYMu1az9pc,110,120,"/m/02pjr4,/m/09x0r,/t/dd00125"
In7pudrRmEQ,90,100,/m/02pjr4
IpCfHAOcmhg,70,80,"/m/02pjr4,/m/09x0r"
IqWIU_7WgFY,570,580,/m/02pjr4
IqmyUwyZgt4,190,200,"/m/02pjr4,/t/dd00125"
Irg5t8Lw-i8,290,300,"/m/02pjr4,/m/04rlf,/t/dd00125"
IsYteVLB5wE,30,40,/m/02pjr4
J23UdGZbxQc,50,60,"/m/02pjr4,/m/09x0r"
J28lUzAoo84,140,150,"/m/02pjr4,/m/09x0r,/t/dd00125"
J32c2_zk2Kg,80,90,/m/02pjr4
J5FWBFkbEj0,70,80,/m/02pjr4
J6cBf-yBto0,140,150,/m/02pjr4
J7OA0ZaKXlA,200,210,/m/02pjr4
J8bsK8dk22U,80,90,/m/02pjr4
JGW73uIjKrM,310,320,/m/02pjr4
JGdkVx81S-k,20,30,/m/02pjr4
JSbMNiJNL3s,330,340,"/m/02pjr4,/t/dd00125"
JX-yvRwRrEU,210,220,/m/02pjr4
JZq60-sNsEY,290,300,/m/02pjr4
J_QN_6ZrtPc,30,40,"/m/02pjr4,/m/09x0r"
JdBC8eW4kq4,150,160,"/m/02pjr4,/m/09x0r"
JedJuADI7XA,120,130,/m/02pjr4
Jjvqar5CiFo,90,100,/m/02pjr4
JtgQGD2XKg0,80,90,/m/02pjr4
JuOlMp_mohs,7,17,/m/02pjr4
K-_lKMeitkU,200,210,/m/02pjr4
KD141Cqf6Dg,130,140,/m/02pjr4
KErctefaVm0,50,60,/m/02pjr4
KGT_QQlhzHc,310,320,/m/02pjr4
KHSziUb4y40,220,230,"/m/02pjr4,/m/09x0r"
KIMoDyn53oo,30,40,/m/02pjr4
KKEbMa2Y2pI,420,430,/m/02pjr4
KQYBC78QifY,40,50,/m/02pjr4
KR_pqCLP7KQ,520,530,"/m/02pjr4,/m/09x0r,/t/dd00125"
KSRjje7GH44,60,70,/m/02pjr4
KZbNf2vkDuA,220,230,"/m/02pjr4,/m/09x0r,/t/dd00125"
KaZq8l2dNNQ,80,90,"/m/02pjr4,/m/02zsn,/m/09x0r"
Ke2-Rsxk6To,130,140,"/m/02pjr4,/m/04rlf,/t/dd00125"
KevchhTyU6A,120,130,/m/02pjr4
Kf_dfkliJZQ,160,170,"/m/02pjr4,/t/dd00125"
Khb1Oypbgow,180,190,/m/02pjr4
KlQXRTmT1nM,90,100,/m/02pjr4
KlQcRW2SD7o,160,170,/m/02pjr4
Knqvd0XqijQ,70,80,"/m/02pjr4,/m/09x0r"
KpttLKtHhQ0,60,70,"/m/02pjr4,/m/04rlf,/m/09x0r"
Kqjqdx-jfMw,180,190,/m/02pjr4
KxVO1J0KkuE,290,300,/m/02pjr4
KylyALO_TSk,420,430,"/m/02pjr4,/m/04rlf,/m/09x0r,/t/dd00125"
KzrmSD86sr0,520,530,/m/02pjr4
L0Y6IPsebrs,270,280,/m/02pjr4
L7fMRT6nJNY,130,140,/m/02pjr4
LBHpfs82XAg,110,120,/m/02pjr4
LBJK006Nebc,8,18,/m/02pjr4
LH_cTOUJPhU,330,340,/m/02pjr4
LHdCHnjloYw,30,40,/m/02pjr4
LKhWFXMfreU,200,210,"/m/02pjr4,/m/09x0r"
LO5gR8WqnKQ,40,50,/m/02pjr4
LRXkes_K-i4,160,170,/m/02pjr4
LSi8zXTfcKw,30,40,/m/02pjr4
LWcGnMuJYm8,30,40,/m/02pjr4
LZAXzhiU0fA,170,180,/m/02pjr4
LaVETMzjeXY,90,100,/m/02pjr4
LadYzwrYIDs,170,180,/m/02pjr4
LkzS4mpVlFY,110,120,/m/02pjr4
M-y8e2ibpPc,100,110,"/m/02pjr4,/m/09x0r"
M4fHpRTVN4k,70,80,"/m/02pjr4,/m/07yv9,/m/0ltv"
M6tVm_sWS84,60,70,/m/02pjr4
M7lqjEvgRN0,580,590,"/m/02pjr4,/m/04rlf,/t/dd00126"
MA8nX0DVouo,30,40,/m/02pjr4
MBI2ISnR85M,80,90,/m/02pjr4
MI2PvzpPTqE,160,170,/m/02pjr4
MJAfiVWnONo,100,110,/m/02pjr4
MJ_GXhRAt-4,70,80,/m/02pjr4
MM2ijlNkGbE,520,530,"/m/02pjr4,/m/09x0r,/t/dd00125"
MNnHlstBQ6k,20,30,/m/02pjr4
MUqzrs_Svcs,30,40,/m/02pjr4
MVO4vt4wku0,330,340,/m/02pjr4
MWHFfNiJgbg,300,310,/m/02pjr4
MXeZbzk4mD4,340,350,/m/02pjr4
MYWRJg6Nyv8,90,100,/m/02pjr4
MYd3K5RrR_M,210,220,/m/02pjr4
MZ9swf08vGA,0,10,/m/02pjr4
Ma1svQmUmFA,130,140,/m/02pjr4
MebuKbDuVew,30,40,"/m/02pjr4,/m/07k1x"
Mf-TklTACoo,50,60,/m/02pjr4
MkQPqXcMM3Y,160,170,/m/02pjr4
MqwBmx8LKIg,410,420,"/m/02pjr4,/m/09x0r"
Msug7At6eOI,130,140,/m/02pjr4
MvK7gidh1R8,120,130,"/m/02pjr4,/m/09x0r"
MvlIx9Dlf7U,180,190,/m/02pjr4
N2e_d4tDvSo,100,110,/m/02pjr4
N2pqz2PBzyI,50,60,/m/02pjr4
N8PYAIvohbc,180,190,"/m/02pjr4,/m/09x0r,/t/dd00125"
NFH6AYTGDOg,100,110,"/m/02pjr4,/t/dd00125"
NJQWQtNgeG4,140,150,/m/02pjr4
NJfyu0QxaUI,550,560,"/m/02pjr4,/m/09x0r"
NLVOW9SUqqA,80,90,/m/02pjr4
NNwjG6Rr3qY,40,50,"/m/02pjr4,/m/09x0r"
NPHN7e4f5FY,230,240,/m/02pjr4
NUC_0jGPhXU,340,350,"/m/02pjr4,/m/09x0r"
NdSOBMWdj3g,120,130,/m/02pjr4
NgFURFoMtME,110,120,"/m/02pjr4,/m/04rlf"
NgJAMi2hRiU,150,160,/m/02pjr4
NmgO8Aen9J0,200,210,/m/02pjr4
NpDd1t0wK7E,50,60,/m/02pjr4
NsuWNtF2XJA,310,320,"/m/02pjr4,/m/09x0r"
O2UNBpuKtcI,10,20,/m/02pjr4
O2nJaOiRl8I,230,240,"/m/02pjr4,/m/09x0r,/t/dd00125"
OFKsrPzlEKk,90,100,/m/02pjr4
OGNzAN4SBOQ,50,60,/m/02pjr4
OLi7fRuJSFI,170,180,/m/02pjr4
OQzq_6Y187Y,30,40,"/m/02pjr4,/m/09x0r"
OZIvnePrY8A,80,90,/m/02pjr4
OaoidTRbJIs,40,50,/m/02pjr4
Ok7Cyiz1lr8,190,200,/m/02pjr4
OkF6qbn7lJM,100,110,/m/02pjr4
Omkobm4ycxI,20,30,"/m/02pjr4,/m/04rlf"
Ox-X4TyoLCw,120,130,/m/02pjr4
P0fHWVXaGwE,80,90,/m/02pjr4
P4sW677qynE,510,520,/m/02pjr4
P6MHkI3K3PI,250,260,/m/02pjr4
