-QAgQZ8z1FA,80,90,/m/07pn_8q
0BcYjOsmA5A,30,40,/m/07pn_8q
0FXYVUZst5Q,30,40,/m/07pn_8q
23bJtT3nIGc,30,40,/m/07pn_8q
2TvQ_Il77O0,30,40,/m/07pn_8q
2vVgFpcS-r0,30,40,/m/07pn_8q
2zCNq1aljoU,30,40,/m/07pn_8q
7NnWan9I2NQ,30,40,/m/07pn_8q
7s6x800owCA,30,40,/m/07pn_8q
8qy0Mt_Z8GQ,30,40,/m/07pn_8q
8uCBQFNTZr4,30,40,/m/07pn_8q
A-gqxxZp5tE,30,40,/m/07pn_8q
AGjDiJ4mfYY,25,35,/m/07pn_8q
B9WeWktpJX4,30,40,/m/07pn_8q
BA_uRdHeMm8,30,40,/m/07pn_8q
BwA45JkyG0k,30,40,"/m/04brg2,/m/07pn_8q"
C-R1oZFaqH4,70,80,/m/07pn_8q
Cm1QR-ko6u0,30,40,/m/07pn_8q
CmW9o3s55b0,30,40,/m/07pn_8q
Cu4TUqrV4_4,30,40,/m/07pn_8q
EtvVawYx2pc,470,480,/m/07pn_8q
F3JiPUD-fGk,30,40,/m/07pn_8q
FawNJiBmkW4,30,40,/m/07pn_8q
Gop0hhFxmNA,30,40,/m/07pn_8q
GvDX1Tj4jo4,14,24,/m/07pn_8q
HLDssNsr6Mg,30,40,/m/07pn_8q
HlCZEjgZP-w,0,8,/m/07pn_8q
K9cshS8xDHA,80,90,/m/07pn_8q
KTcjIKCh9c0,30,40,/m/07pn_8q
Kz_uHR5lFM0,30,40,/m/07pn_8q
KzzmL_xh8Jo,30,40,/m/07pn_8q
MAUy7Sogr-4,30,40,/m/07pn_8q
NHt9nts0k5k,30,40,/m/07pn_8q
NO6UMxFzFZI,30,40,/m/07pn_8q
NOVNXZu1mm4,30,40,/m/07pn_8q
