-95ROVLw52A,290,300,"/m/04brg2,/m/09x0r"
-CdmSTz01D8,20,30,/m/04brg2
-EaZ7EJJUl0,50,60,"/m/023pjk,/m/04brg2"
-Jpg7cclO4Q,30,40,"/m/04brg2,/m/04rlf,/m/09x0r"
-LuxWIrph70,0,10,"/m/04brg2,/m/04rlf,/m/09x0r,/t/dd00126"
-RMYdwOv3Mo,120,130,"/m/023pjk,/m/04brg2"
-TDsXxTaw2Q,520,530,"/m/023pjk,/m/04brg2"
-WEfNbZO_LE,130,140,/m/04brg2
-YLpD1UW8qU,0,10,/m/04brg2
-YmyB631yvU,40,50,"/m/04brg2,/m/09x0r"
-ZSlJlyqAEU,540,550,/m/04brg2
-_k24K307lk,300,310,"/m/023pjk,/m/04brg2"
-dpI6JsEyLs,370,380,"/m/0130jx,/m/023pjk,/m/02jz0l,/m/04brg2,/m/0838f"
-hWRLlRjetY,10,20,"/m/023pjk,/m/04brg2"
-hY4k0jvbS4,230,240,"/m/023pjk,/m/04brg2"
-ilWwQqJAjc,30,40,/m/04brg2
-sMzJwM0Nno,290,300,/m/04brg2
-vAbC-3iTqg,200,210,"/m/04brg2,/m/09x0r,/t/dd00125"
-xyHS0dJ3R8,190,200,"/m/023pjk,/m/04brg2"
0-B5WeWmO7c,30,40,"/m/023pjk,/m/04brg2"
04ga-rwph9s,100,110,"/m/023pjk,/m/04brg2"
06keBtYi_bk,0,7,"/m/04brg2,/m/09x0r"
074nzzlXf_g,70,80,"/m/023pjk,/m/04brg2"
07Oa3En5kvA,30,40,"/m/04brg2,/m/04rlf,/m/09x0r"
09ynjYrhY88,20,30,/m/04brg2
0BtHd6dvm78,24,34,/m/04brg2
0Cd_Xy00L4o,30,40,/m/04brg2
0DoOpd6I_Rc,250,260,/m/04brg2
0Fi23NBFFmA,540,550,"/m/04brg2,/m/09x0r"
0HegGLi6x24,50,60,/m/04brg2
0Q_TqcxGFck,0,10,"/m/023pjk,/m/04brg2"
0UIvSltuY_k,170,180,"/m/04brg2,/m/04rlf,/m/09x0r,/t/dd00125"
0_5PkNTBZgY,350,360,"/m/04brg2,/m/09x0r,/t/dd00125"
0iNyRhVIny8,170,180,"/m/023pjk,/m/04brg2"
0k2E5lEp1s8,340,350,/m/04brg2
0r2OVHasER0,140,150,"/m/023pjk,/m/04brg2"
0twvchrtfFQ,390,400,"/m/023pjk,/m/04brg2"
0vDKBUVHMnc,270,280,/m/04brg2
0yEP4gijyi8,230,240,"/m/04brg2,/m/04rlf,/m/09x0r,/t/dd00125"
0zPnMDUx7Tk,30,40,"/m/04brg2,/m/09x0r"
11Z1xq9OF4I,80,90,"/m/04brg2,/m/09x0r,/t/dd00125"
1341fYHV6KE,30,40,"/m/04brg2,/m/09x0r,/t/dd00125"
1586X8EwW-Y,30,40,"/m/023pjk,/m/04brg2"
15Du8ATzjN8,30,40,"/m/04brg2,/m/09x0r"
17xCyq_4wvs,440,450,"/m/023pjk,/m/0242l,/m/04brg2"
188yE6D2Su0,30,40,"/m/04brg2,/m/09x0r"
19UacScA26s,70,80,"/m/023pjk,/m/04brg2"
1AbCQJ3xg8g,50,60,/m/04brg2
1E0_p91stN0,360,370,"/m/04brg2,/m/04rlf,/m/09x0r,/t/dd00125"
1FiVE0dGo5M,150,160,/m/04brg2
1IexC5F-W_g,400,410,"/m/04brg2,/m/09x0r"
1NbotQwFUTg,30,40,/m/04brg2
1Nw-fC0gk9o,120,130,"/m/04brg2,/m/09x0r"
1PXp_eDlX00,110,120,"/m/04brg2,/m/07p9k1k"
1QK5WA4dK4o,400,410,"/m/023pjk,/m/04brg2"
1SRZ8HOomEk,30,40,"/m/04brg2,/m/09x0r"
1SpHjTw56jg,260,270,"/m/023pjk,/m/04brg2"
1SrkD5LS9m4,100,110,"/m/039jq,/m/04brg2,/m/09x0r"
1Ulak3dMnGU,18,28,/m/04brg2
1abeBG1_PZU,200,210,"/m/023pjk,/m/04brg2"
1avrR8mUdwo,80,90,"/m/023pjk,/m/04brg2"
1ffWoEleark,180,190,"/m/023pjk,/m/04brg2"
1h5vQr1yu2E,100,110,"/m/04brg2,/t/dd00125"
1hL4MSPzMZ0,270,280,"/m/023pjk,/m/04brg2"
1iJqXHtcyd0,13,23,"/m/04brg2,/m/09x0r"
1jJHRyBmDqE,120,130,/m/04brg2
1lqdBjdJgWg,50,60,/m/04brg2
1lxcvVh5gd4,30,40,"/m/04brg2,/m/09x0r"
1oIwkWQJvqs,11,21,"/m/04brg2,/m/04rlf,/m/09x0r"
1sQZA_LsZKI,30,40,/m/04brg2
1w8XsAzgCg8,210,220,/m/04brg2
2-ppz_pSlrQ,170,180,/m/04brg2
20z2PANFxtk,60,70,/m/04brg2
21u5DMRvEhs,30,40,"/m/023pjk,/m/04brg2"
23pAYyzCnU8,520,530,"/m/04brg2,/m/09x0r"
24bx-TY0EWM,110,120,"/m/04brg2,/m/09x0r,/t/dd00125"
257OKP3ZLD0,30,40,/m/04brg2
2AUzBSVEZsA,140,150,"/m/04brg2,/m/04rlf,/m/09x0r,/t/dd00125"
2B9nsByR2bQ,10,20,"/m/04brg2,/m/09x0r"
2I4EZ-jbO_E,110,120,"/m/023pjk,/m/04brg2"
2MwW5vQm4wI,210,220,/m/04brg2
2O_mVjMFsuQ,340,350,/m/04brg2
2R7p_Ac26mU,30,40,"/m/023pjk,/m/04brg2"
2RQQORu0diE,60,70,"/m/023pjk,/m/04brg2"
2S2659rUb6I,30,40,"/m/04brg2,/m/09x0r"
2Tbwd_4Psl8,60,70,"/m/023pjk,/m/04brg2"
2TyF3D74wbA,30,40,/m/04brg2
2UtwzxdTMyg,0,10,"/m/04brg2,/m/09x0r"
2VnFPitR9l0,30,40,"/m/04brg2,/m/09x0r"
2XOTxAZZhsQ,30,40,"/m/023pjk,/m/04brg2"
2ZOCs9f7m0M,200,210,"/m/023pjk,/m/04brg2"
2_k6qUolIUY,120,130,/m/04brg2
2b7NoEYo56g,80,90,"/m/023pjk,/m/04brg2,/m/078jl,/m/07rjwbb"
2bsqLaAVVnM,230,240,"/m/04brg2,/m/04rlf,/m/09x0r"
2dZ7ZV3vK28,30,40,"/m/023pjk,/m/04brg2"
2dhZ1uiu6Kc,590,600,/m/04brg2
2eyZ_AQ3lu0,110,120,/m/04brg2
2gH0fjUgtSI,170,180,/m/04brg2
2gO6vpHLays,260,270,"/m/04brg2,/m/09x0r"
2hYSTLfBPSo,20,30,"/m/04brg2,/m/09x0r"
2hahuIUm410,40,50,/m/04brg2
2jVwYKa0i4g,100,110,"/m/04brg2,/m/09x0r"
2klHFgf0yNs,450,460,"/m/023pjk,/m/04brg2"
2p230m8MT0I,60,70,"/m/023pjk,/m/04brg2"
2qXtaTZdvrY,20,30,/m/04brg2
2rEwOxajd74,330,340,"/m/04brg2,/m/09x0r,/t/dd00125"
2rSNRXk0WLc,140,150,"/m/04brg2,/m/09x0r,/t/dd00125"
2rs2LmuZGJc,360,370,/m/04brg2
2tJYLjtQQjM,170,180,"/m/023pjk,/m/04brg2"
2vTVb3LhxXE,210,220,"/m/04brg2,/m/09x0r"
2wxHnIqSxKo,510,520,"/m/04brg2,/m/09x0r,/t/dd00125"
31TFoGudgks,0,10,"/m/023pjk,/m/04brg2"
31aS4vMdgbI,30,40,"/m/04brg2,/m/09x0r,/t/dd00125"
320AJBgfvnI,80,90,"/m/023pjk,/m/04brg2"
32V6Gv7S6mA,50,60,"/m/023pjk,/m/04brg2,/m/07r4gkf"
34-4pX9MSdg,140,150,"/m/023pjk,/m/04brg2"
34t59iePgb4,20,30,/m/04brg2
39xw1Y6zT3A,3,13,"/m/04brg2,/m/04rlf,/m/09x0r"
3BW4M5hs-EU,50,60,"/m/023pjk,/m/04brg2"
3EMG6FoGAgk,330,340,"/m/04brg2,/m/09x0r,/m/0ytgt,/t/dd00125"
3HsyrnXM52I,370,380,"/m/04brg2,/m/09x0r"
3IfD-tZWNOE,50,60,"/m/04brg2,/m/09x0r,/t/dd00125"
3JAIdFFGTtQ,200,210,"/m/04brg2,/m/068hy,/m/0bt9lr,/m/0jbk"
3KqV6SB-v5M,200,210,"/m/04brg2,/m/09x0r,/t/dd00125"
3MvZNrzT_yY,230,240,"/m/0130jx,/m/023pjk,/m/02jz0l,/m/04brg2,/m/0838f"
3N6mZM_4T6Y,30,40,"/m/04brg2,/m/09x0r"
3OtGHObCVWc,120,130,"/m/015p6,/m/04brg2,/m/068hy,/m/09x0r"
3Rfz11CH3W4,30,40,/m/04brg2
3RotlVP_Nog,440,450,"/m/023pjk,/m/04brg2"
3aApemd6n4o,20,30,"/m/023pjk,/m/04brg2,/m/07r4gkf"
3as60T7FTPM,160,170,"/m/023pjk,/m/04brg2"
3bhkJsgOqdM,480,490,"/m/023pjk,/m/04brg2"
3dTOr4juVWY,170,180,"/m/023pjk,/m/04brg2"
3iLiEfZGVKg,30,40,"/m/04brg2,/m/09x0r"
3p3KdeA4g2w,30,40,"/m/04brg2,/m/09x0r"
3rgIFFCjrJ4,23,33,/m/04brg2
3uWThgrdFIo,530,540,"/m/01h3n,/m/023pjk,/m/03vt0,/m/04brg2,/m/0h2mp"
3zYdtqHn-vI,450,460,"/m/04brg2,/m/09x0r,/t/dd00125"
4A095g_ImbQ,180,190,"/m/04brg2,/m/09x0r,/t/dd00125"
4FdTwg1jmAk,2,12,/m/04brg2
4Hs1yZu1GAU,520,530,"/m/023pjk,/m/04brg2"
4IeDBwyQ9ZQ,190,200,/m/04brg2
4MKvVHqkyK0,260,270,"/m/04brg2,/m/09x0r"
4Q_ayrbbuJQ,270,280,"/m/023pjk,/m/04brg2"
4QbTi4xcuVY,30,40,"/m/023pjk,/m/04brg2"
4RPbOWqEeVk,310,320,"/m/04brg2,/t/dd00125"
4S9ec0N_u8Q,30,40,/m/04brg2
4SDfWBgrXVM,10,20,/m/04brg2
4XoQgeO26Ls,0,9,/m/04brg2
4_ELRqnrs1g,240,250,"/m/04brg2,/m/04rlf,/m/09x0r"
4dG_VyOjAqc,200,210,"/m/023pjk,/m/04brg2"
4e0riwTv0xY,170,180,"/m/023pjk,/m/04brg2"
4fVGsuADI4Q,10,20,"/m/04brg2,/m/09x0r"
4fgpSuEyGjs,30,40,"/m/0130jx,/m/04brg2,/m/0838f"
4fti1n2kmss,10,20,"/m/023pjk,/m/04brg2"
4jN5fJxQGNQ,330,340,"/m/04brg2,/m/09x0r"
4jRBhduwJIo,170,180,/m/04brg2
4nso36LBSTQ,340,350,/m/04brg2
4oQdFf_uYSs,130,140,"/m/04brg2,/m/09x0r"
4psXg2XhdVo,10,20,"/m/04brg2,/m/04rlf,/m/09x0r,/t/dd00125"
4q5eZSMbrdQ,180,190,"/m/023pjk,/m/04brg2"
4vjsxKB1d5o,310,320,"/m/023pjk,/m/04brg2"
4yFC09hJSYg,30,40,/m/04brg2
50hhTSXMwd0,500,510,"/m/023pjk,/m/04brg2"
50nFjaSiorU,300,310,"/m/04brg2,/m/04rlf,/m/09x0r,/t/dd00125"
53Zf-iv6VdQ,30,40,"/m/023pjk,/m/04brg2"
56vER9_BuR4,120,130,"/m/04brg2,/m/09x0r,/t/dd00125"
57q1DKPOLYg,40,50,/m/04brg2
59Uhe-GRs30,310,320,"/m/04brg2,/m/09x0r,/t/dd00125"
5COous3_GLw,30,40,"/m/04brg2,/m/04rlf"
5CcdpoS7KaU,450,460,/m/04brg2
5D2UdmWOipI,10,20,"/m/04brg2,/m/04rlf"
5DzlDVY8cr4,120,130,/m/04brg2
5Ej7-MFmdrk,210,220,"/m/023pjk,/m/04brg2"
5Eokkv35bmw,0,10,"/m/04brg2,/m/09x0r"
5Gyms1K-K88,310,320,"/m/023pjk,/m/04brg2"
5HKZ_WBcrYI,30,40,"/m/04brg2,/m/09x0r"
5JEmsjG0C2Y,200,210,/m/04brg2
5Kne6tJebec,250,260,"/m/04brg2,/m/07yv9,/t/dd00125"
5MuuYWrpUSg,30,40,/m/04brg2
5WTAzrsAYtg,30,40,"/m/023pjk,/m/04brg2"
5WmE3Jmap-8,340,350,/m/04brg2
5Y833CqFAI0,100,110,"/m/023pjk,/m/04brg2"
5ZOnelhuWP8,450,460,"/m/04brg2,/m/09x0r,/t/dd00125"
5_8l8_b8ScA,30,40,"/m/04brg2,/m/09x0r"
5_OJsj6bcuo,260,270,"/m/023pjk,/m/04brg2,/m/07p9k1k,/m/0dxrf"
5bUS-WiucbE,30,40,/m/04brg2
5dmvNaIHaBA,350,360,"/m/04brg2,/m/09x0r"
5hu-8gN8q88,330,340,/m/04brg2
5ohCslwvxdw,40,50,/m/04brg2
5rmbkTrYSK0,90,100,/m/04brg2
5xTBs7jr2FQ,270,280,"/m/023pjk,/m/04brg2"
5zxeuf-g8_s,170,180,"/m/023pjk,/m/04brg2"
60ZSQvMYdNU,190,200,"/m/04brg2,/m/09x0r"
62TTJJ0f-_Q,120,130,/m/04brg2
64hL0FkFYoQ,80,90,/m/04brg2
66z9pzAVwxk,10,20,"/m/04brg2,/m/068hy,/m/09x0r,/m/0bt9lr,/m/0jbk"
69VgW9hZ1jc,190,200,/m/04brg2
6ADSmey_GJE,170,180,/m/04brg2
6AJVLjQZZcA,30,40,"/m/023pjk,/m/04brg2,/m/07rdhzs"
6B3OBpUCfVk,460,470,"/m/04brg2,/m/09x0r"
6CDPqwEO6us,30,40,"/m/04brg2,/m/04rlf,/m/09x0r"
6En8DV8AwG4,50,60,"/m/023pjk,/m/04brg2"
6JaZpisKCjs,30,40,/m/04brg2
6L6fWfrOmbA,30,40,/m/04brg2
6QExD0uUMOs,20,30,"/m/04brg2,/m/09x0r"
6QaJQIOsHRY,250,260,"/m/023pjk,/m/04brg2"
6RDHC1epWeE,20,30,"/m/023pjk,/m/04brg2"
6RnAcmDbJdY,210,220,"/m/023pjk,/m/04brg2"
6SiP7tMq52U,340,350,"/m/04brg2,/m/07p7b8y,/m/09x0r"
6TZXFkMVYSY,10,20,"/m/04brg2,/m/0642b4"
6W_hEUj-_U8,450,460,"/m/023pjk,/m/04brg2"
6Y92C4qnFPk,130,140,/m/04brg2
6YM9zPMmz1k,320,330,"/m/04brg2,/m/09x0r"
6ZEtbX95qYo,190,200,"/m/023pjk,/m/04brg2"
6faPFBUvXh0,200,210,/m/04brg2
6gylSYNKTRs,200,210,"/m/04brg2,/m/09x0r"
6hpAs8vJOow,70,80,/m/04brg2
6kVkRyiSOIk,150,160,"/m/023pjk,/m/04brg2"
6ulCZ0PPqbw,24,34,"/m/04brg2,/m/04rlf,/m/09x0r"
6yZAMLbn1zE,30,40,"/m/023pjk,/m/04brg2"
6zcz_gJkbmQ,120,130,/m/04brg2
6zp_XToi2D8,350,360,/m/04brg2
725lNnHERlc,510,520,"/m/023pjk,/m/04brg2"
72BjWJxUi70,370,380,"/m/023pjk,/m/04brg2"
72PAh79nI4s,120,130,"/m/023pjk,/m/04brg2"
72mANpPK5Zk,310,320,"/m/023pjk,/m/04brg2"
72ollviXOL0,70,80,"/m/023pjk,/m/04brg2"
74cmEhHsn5A,70,80,"/m/023pjk,/m/04brg2"
75Ro0rRqJdg,50,60,"/m/04brg2,/m/0dv3j"
78IC4r1bpw0,17,27,/m/04brg2
7A9MVG_nJDM,100,110,"/m/023pjk,/m/04brg2"
7C4HntU8OzA,0,10,/m/04brg2
7ERyv4hJVzE,160,170,"/m/04brg2,/m/09x0r"
7OdOt5L1oVA,130,140,/m/04brg2
7P9AhulU9co,30,40,"/m/04brg2,/m/04rlf,/m/09x0r,/t/dd00126"
7QIB7d5hgS0,110,120,"/m/023pjk,/m/04brg2"
7Qd-fdvztWU,60,70,"/m/023pjk,/m/04brg2"
7RISef3ZLeU,29,39,/m/04brg2
7RcjtXDxtTA,220,230,"/m/04brg2,/m/09x0r,/t/dd00125"
7TF0etrCekM,180,190,"/m/04brg2,/m/09x0r,/t/dd00125"
7TU4zgKSm4A,40,50,"/m/023pjk,/m/04brg2"
7U21A_BPWPU,50,60,/m/04brg2
7WlRADYl44I,30,40,"/m/04brg2,/m/07phxs1"
7fdF3Xo73-Y,340,350,"/m/023pjk,/m/04brg2,/m/07p9k1k,/m/07ptfmf"
7xCVEf5nDZo,440,450,"/m/04brg2,/m/09x0r"
8-iENHTlPlk,110,120,"/m/023pjk,/m/04brg2"
84zGjVikors,80,90,"/m/023pjk,/m/04brg2"
85swzkKdSeI,340,350,/m/04brg2
8AKd3RMpQHo,120,130,"/m/023pjk,/m/04brg2"
8AjB620ZBJU,120,130,/m/04brg2
8D07Ee_-rOg,30,40,"/m/023pjk,/m/04brg2"
8DRAFlEIS3I,70,80,/m/04brg2
8EQHKEd5mm4,120,130,"/m/023pjk,/m/04brg2,/m/07p9k1k,/m/07ptfmf,/m/0dxrf"
8EU_BW_bUFQ,390,400,"/m/04brg2,/m/09x0r,/t/dd00125"
8GFntf9pr2M,120,130,"/m/023pjk,/m/04brg2"
8H50Ydt4p-w,60,70,/m/04brg2
8Hn1HXTf7o0,100,110,"/m/023pjk,/m/04brg2"
8NYAO7SrCOU,300,310,"/m/023pjk,/m/04brg2"
8Q3Duuu8HTQ,30,40,"/m/04brg2,/m/09x0r"
8QQBY7DS9Wk,420,430,"/m/023pjk,/m/04brg2"
8TEMJR2cVQQ,150,160,"/m/023pjk,/m/04brg2"
8XVCewPZYz4,420,430,"/m/023pjk,/m/04brg2"
8dzf1mE7e0I,130,140,"/m/023pjk,/m/04brg2"
8gSRJCSFbHo,30,40,"/m/04brg2,/m/09x0r"
8iX9HfoHtD4,90,100,/m/04brg2
8ipe6b1LwHQ,30,40,"/m/023pjk,/m/04brg2"
8nNGJTnbZJY,90,100,/m/04brg2
8o-Y4QP8LWs,280,290,"/m/023pjk,/m/04brg2"
8rpdb0skv0s,30,40,"/m/04brg2,/m/04rlf,/m/09x0r"
8sF_xtO4j7A,10,20,/m/04brg2
8v60jWtecrQ,100,110,"/m/023pjk,/m/04brg2"
8vZN_k6Zw1w,130,140,/m/04brg2
8vuTgV73O2o,390,400,"/m/04brg2,/m/09x0r,/t/dd00125"
9-9okppfT4M,30,40,"/m/023pjk,/m/04brg2"
9-J4mXTyLqk,120,130,"/m/04brg2,/m/09x0r"
9-WyTNXn6YI,20,30,"/m/04brg2,/m/09x0r"
91rE87yGE8o,17,27,/m/04brg2
92jQ0MDSalA,240,250,"/m/04brg2,/m/04rlf,/m/09x0r,/t/dd00125"
94lcU7y2P9Y,340,350,/m/04brg2
95Ugxictw8o,320,330,"/m/023pjk,/m/04brg2"
9A1Sm-1KEqo,190,200,/m/04brg2
9A5Uox24tKk,500,510,"/m/023pjk,/m/04brg2"
9C8_1UneRAQ,270,280,"/m/023pjk,/m/04brg2"
9ItGWOr6my8,90,100,"/m/023pjk,/m/04brg2"
9L4yyHthUNY,30,40,"/m/04brg2,/m/09x0r"
9NRe8kVprUg,140,150,"/m/023pjk,/m/04brg2"
9NafmyprojM,70,80,/m/04brg2
9QMPurvtnzA,30,40,"/m/04brg2,/m/04rlf"
9SRUFh4J-9Y,80,90,"/m/023pjk,/m/04brg2"
9ZD0-GHeKRk,580,590,"/m/023pjk,/m/04brg2"
9abufT4q4OA,28,38,"/m/04brg2,/m/09x0r"
9agCi4IfZlU,30,40,/m/04brg2
9btyIgjCMt0,240,250,"/m/04brg2,/m/09x0r,/t/dd00125"
9fljT22gtew,40,50,"/m/023pjk,/m/04brg2"
9ixvm-OhQRs,20,30,/m/04brg2
9lBCoB8g7fU,20,30,/m/04brg2
9m96yRfGJ1I,150,160,/m/04brg2
9n135R9XixA,30,40,"/m/023pjk,/m/04brg2"
9rjQjEg-XV0,0,7,/m/04brg2
9uH2F63Gv0U,60,70,"/m/023pjk,/m/04brg2"
9veoDabm3p0,330,340,"/m/04brg2,/m/09x0r,/t/dd00125"
9wQaQJq0Aok,100,110,"/m/023pjk,/m/04brg2"
9yG4nreRxac,110,120,/m/04brg2
9zcPEZJjBl0,380,390,/m/04brg2
A20GyrUFYC4,0,10,"/m/04brg2,/m/09x0r"
A48Hv7io53s,50,60,"/m/023pjk,/m/04brg2"
A4GRM9UglZ8,0,10,"/m/04brg2,/m/09x0r"
A7E4WjQYfnA,150,160,"/m/023pjk,/m/04brg2"
A8wHaPMvMhE,130,140,"/m/023pjk,/m/04brg2"
AISfYQ2cicA,40,50,"/m/023pjk,/m/04brg2,/m/07phxs1"
ANrL2vdx59E,540,550,/m/04brg2
AQeeIS2rpPQ,70,80,"/m/04brg2,/m/09x0r"
ARKhav0nioI,120,130,"/m/023pjk,/m/04brg2"
AY7QlDwEAH8,0,6,"/m/04brg2,/m/09x0r"
AZJ8WpyoMx4,30,40,"/m/04brg2,/m/09x0r"
AZoD2WIWdPQ,100,110,"/m/04brg2,/m/04rlf,/m/09x0r"
A_0MlszhCDE,180,190,"/m/023pjk,/m/04brg2,/m/0dxrf"
AaVGMgn4RYg,390,400,"/m/04brg2,/m/09x0r,/t/dd00125"
AbZU0RrR6Kg,70,80,/m/04brg2
AetY9TdftBY,21,31,"/m/023pjk,/m/04brg2"
Al2w1J7pF5M,340,350,"/m/04brg2,/m/09x0r,/t/dd00125"
AnzHQEcFUgA,370,380,"/m/04brg2,/m/09x0r,/t/dd00125"
AoK6AbtPKqw,100,110,/m/04brg2
AtahItgeUwQ,30,40,"/m/04brg2,/m/09x0r"
AzwgkqtmkZw,190,200,"/m/023pjk,/m/04brg2"
B4_Qiv9TfXo,200,210,"/m/023pjk,/m/04brg2"
B5AMfCUvQuo,30,40,/m/04brg2
BGQKsAPmuPs,120,130,"/m/023pjk,/m/04brg2,/m/07ptfmf"
BMboTK6ZJCU,110,120,"/m/023pjk,/m/04brg2"
BNUpvKtFrlM,380,390,/m/04brg2
BOksCCG5lNg,220,230,/m/04brg2
BPwXRUMmMMg,70,80,/m/04brg2
BQ7Nj7WJL8U,70,80,"/m/023pjk,/m/04brg2"
BTPmSi2hM3Q,90,100,"/m/023pjk,/m/04brg2"
BU30S3yRaO0,90,100,/m/04brg2
BVNiCRm-ISI,120,130,/m/04brg2
BVTwRmNCuzo,320,330,"/m/023pjk,/m/04brg2"
BY5ERX3XT70,150,160,"/m/04brg2,/m/09x0r,/t/dd00125"
BYKwkcXL_8c,40,50,"/m/023pjk,/m/04brg2"
Bb3DDFRbTOw,60,70,/m/04brg2
Bc2wI4c2wBI,180,190,/m/04brg2
BkqA6DDWka0,70,80,/m/04brg2
Boe3MeEpn_c,380,390,"/m/04brg2,/m/09x0r,/t/dd00125"
BqB_oRkV40E,340,350,"/m/023pjk,/m/04brg2"
BrK0DPfTfnY,20,30,"/m/023pjk,/m/04brg2"
BsGNb2_gf4M,260,270,"/m/023pjk,/m/04brg2"
BtTRxFpk6IM,30,40,/m/04brg2
BtW3hWhaxWo,30,40,"/m/04brg2,/m/09x0r"
BtwV_G3FvfE,30,40,"/m/04brg2,/m/09x0r"
BwA45JkyG0k,30,40,"/m/04brg2,/m/07pn_8q"
BwPW5uPPTcU,9,19,"/m/04brg2,/m/04rlf,/m/09x0r"
BwoUqWt-Its,240,250,/m/04brg2
By2rnGPirRs,80,90,"/m/0242l,/m/04brg2"
C0AXstkH72M,220,230,"/m/023pjk,/m/04brg2"
C27UsupMwSc,100,110,"/m/04brg2,/m/04rlf,/m/09x0r,/t/dd00125"
C6MFjdgLNWA,40,50,/m/04brg2
C7D1GjuDQVA,120,130,"/m/023pjk,/m/04brg2"
CATeBgH8jSA,150,160,"/m/04brg2,/m/09x0r,/t/dd00125"
CCLrRtFrf9I,530,540,/m/04brg2
CEggxDcgEHc,70,80,/m/04brg2
CFAE8AvveVM,30,40,"/m/04brg2,/m/04rlf"
CFKnEoJg3Co,200,210,"/m/023pjk,/m/04brg2"
CH7deQfqSOY,140,150,"/m/023pjk,/m/04brg2"
CHAKbtSgwek,20,30,"/m/04brg2,/m/068hy,/m/09x0r,/m/0jbk,/t/dd00126"
CHt1YhwwY4o,220,230,"/m/023pjk,/m/04brg2"
CJqlLZZano4,290,300,/m/04brg2
CK-GC-Jy8oM,70,80,/m/04brg2
CQ46qvsLiH0,80,90,/m/04brg2
CTmeYSIdosA,100,110,"/m/023pjk,/m/04brg2"
CU52O6Hhjus,50,60,"/m/023pjk,/m/04brg2"
CUvDaVFQ0sg,450,460,"/m/04brg2,/m/09x0r,/t/dd00125"
CWxyeLQ2nFc,0,8,"/m/023pjk,/m/04brg2"
CXcKOK-pW1A,100,110,/m/04brg2
Cdl9WY1qj3s,200,210,"/m/023pjk,/m/04brg2"
Cdydr0L_4r8,190,200,"/m/023pjk,/m/04brg2"
Ce4wC1UZM7Q,230,240,"/m/04brg2,/m/09x0r,/t/dd00125"
Cfij00R-8Zs,280,290,"/m/023pjk,/m/04brg2"
Cj3o6nXXFyo,30,40,/m/04brg2
CkDiPTK9bds,11,21,"/m/04brg2,/m/09x0r"
Cse-Z5HwXxo,410,420,"/m/023pjk,/m/04brg2"
Ctb_rww0kkI,350,360,/m/04brg2
CvNedKtZZXc,300,310,/m/04brg2
D1TF9R00h30,40,50,"/m/023pjk,/m/04brg2"
D2Min2LOiOQ,30,40,/m/04brg2
D6qQgc3eS0s,30,40,"/m/04brg2,/m/09x0r"
DBYzZp1jOro,200,210,/m/04brg2
DCcTfozwuKo,140,150,"/m/023pjk,/m/04brg2,/m/07ptfmf"
DDgUUTtS9sw,170,180,/m/04brg2
DItN5dl3so8,320,330,"/m/023pjk,/m/04brg2"
DO7cWulol-s,160,170,"/m/04brg2,/m/09x0r,/t/dd00125"
DPN5cOQsbBU,130,140,"/m/023pjk,/m/04brg2"
DPz7wvtBe7M,500,510,"/m/04brg2,/m/09x0r"
DXCoopGR3JQ,130,140,"/m/04brg2,/m/09x0r,/t/dd00125"
D_zkKG5A994,30,40,"/m/04brg2,/m/04rlf,/m/09x0r,/t/dd00125"
DbGYpj4BZeE,10,20,"/m/04brg2,/m/09x0r,/t/dd00125"
DcgFVm7LZxA,30,40,/m/04brg2
DdiZEqm1g9c,20,30,/m/04brg2
DeH7eBci-20,350,360,"/m/04brg2,/m/09x0r"
Df17J_zH-1c,30,40,"/m/023pjk,/m/04brg2"
Dgx8lXoqGOo,290,300,/m/04brg2
DiCGw7vJ0-c,4,14,/m/04brg2
DjoVSnwn3So,90,100,/m/04brg2
DlbdHPqwNr0,30,40,"/m/023pjk,/m/04brg2,/m/07phxs1"
Dmo82XbDFJs,590,600,/m/04brg2
Dmvr1PWPmcY,30,40,/m/04brg2
DsJ27Zrgo6I,300,310,"/m/04brg2,/m/09x0r,/t/dd00129"
DvBCMcGE1ZU,0,10,"/m/04brg2,/m/09x0r"
Dw1yowfik18,440,450,"/m/023pjk,/m/04brg2"
Dxf5JmRPv2k,250,260,"/m/04brg2,/m/09x0r"
DxznJ8xoxTg,490,500,/m/04brg2
E1CXRMewTCk,200,210,/m/04brg2
E22qE3vJrhE,50,60,"/m/023pjk,/m/04brg2"
E24yvY-VDh4,260,270,"/m/023pjk,/m/04brg2"
E2n57BPOBO8,120,130,/m/04brg2
E3-KsOOj5vo,11,21,"/m/023pjk,/m/04brg2"
E4yQkntUWfM,120,130,/m/04brg2
E5XvQbQNvhA,70,80,/m/04brg2
EEcCRALO1FI,210,220,/m/04brg2
EJqHWdrUXyQ,490,500,"/m/023pjk,/m/04brg2"
EKMLL-mrbsY,30,40,/m/04brg2
EL6dfKo-xZc,70,80,"/m/023pjk,/m/04brg2"
EOEVEf6q_Ms,150,160,/m/04brg2
EPBODfGri2o,310,320,"/m/04brg2,/m/09x0r,/t/dd00125"
EQHyVZODDeY,20,30,"/m/01b82r,/m/04brg2,/m/07pdjhy"
EQMYBZDaLz8,20,30,"/m/04brg2,/m/07pdjhy,/m/083vt"
ETx5TKStBrg,380,390,/m/04brg2
E_7fe9P3DtI,420,430,"/m/023pjk,/m/04brg2"
Eb2TbmLQG2U,100,110,"/m/04brg2,/m/04rlf"
Eberx99Mnb0,150,160,/m/04brg2
Eeh-sDK33NY,30,40,"/m/04brg2,/m/09x0r"
Ef7JobBJo8A,160,170,"/m/04brg2,/m/09x0r,/m/0ytgt,/t/dd00125"
EfIxLQMhHrA,410,420,"/m/04brg2,/m/09x0r,/t/dd00126"
EgXN24FXaQ4,170,180,"/m/023pjk,/m/04brg2"
El57gbVA19g,30,40,/m/04brg2
EoV52-67fJ4,20,30,/m/04brg2
ErcFjzqDy2c,30,40,/m/04brg2
Es8P-ctoovE,350,360,/m/04brg2
EuMQJ1JrLYU,130,140,"/m/04brg2,/m/09x0r"
Ev5ZHHwEVJM,21,31,"/m/023pjk,/m/04brg2"
EwYCm9JM42Y,560,570,"/m/023pjk,/m/04brg2"
ExbEn9pZYbc,330,340,"/m/04brg2,/m/09x0r,/t/dd00125"
F-KOcVT9qoI,30,40,"/m/04brg2,/m/09x0r"
F2caGyTF89g,140,150,"/m/023pjk,/m/04brg2"
F5R27yMD0_s,220,230,"/m/023pjk,/m/04brg2"
F5phiiFykLA,30,40,"/m/04brg2,/m/04rlf,/m/09x0r"
F9A7AC-W6sA,70,80,"/m/04brg2,/m/09x0r,/t/dd00125"
F9K0MKQELLY,30,40,"/m/04brg2,/m/09x0r"
F9f9caaxmm0,370,380,"/m/023pjk,/m/04brg2"
FAwA1chWsBI,70,80,"/m/023pjk,/m/04brg2"
FCgRrSiNLNU,20,30,/m/04brg2
FFw8mX652uc,30,40,"/m/04brg2,/m/09x0r"
FKWArdlknOk,220,230,"/m/023pjk,/m/04brg2"
FKcBnx0LCCs,60,70,"/m/023pjk,/m/04brg2"
FKgIiTtXUUk,30,40,/m/04brg2
FPTI5GSTa7o,300,310,"/m/023pjk,/m/04brg2"
FQ21oBPRH-U,110,120,"/m/04brg2,/m/09x0r,/t/dd00125"
FT2ZhqH0wmc,20,30,"/m/023pjk,/m/04brg2"
FVbfMiwIPdc,30,40,"/m/04brg2,/m/09x0r"
FZsZF2hiGNk,30,40,/m/04brg2
F_eqfhfQYBw,30,40,"/m/023pjk,/m/04brg2"
FgFevd_AiiE,230,240,/m/04brg2
Fj-FRXqHZbs,30,40,"/m/04brg2,/m/09x0r"
Fj7e9Lc347I,30,40,/m/04brg2
FkoTNfJv3uU,230,240,"/m/04brg2,/t/dd00112"
FqNwxOBRC5E,170,180,"/m/04brg2,/m/07ptfmf,/m/0dxrf"
Fu9DY9sS-5g,170,180,"/m/04brg2,/m/09x0r,/t/dd00125"
FvYf4uCC96I,70,80,"/m/023pjk,/m/04brg2"
Fzz3I1PEnTQ,280,290,"/m/023pjk,/m/04brg2"
G-5FCUd9_cw,30,40,"/m/04brg2,/m/09x0r"
G-aDHYjF1Nc,21,31,/m/04brg2
G25fk1hnP30,260,270,/m/04brg2
G3XXleJRRQA,60,70,/m/04brg2
G3rYp4cpVPg,30,40,"/m/04brg2,/m/09x0r"
G64QH_Waw-I,80,90,/m/04brg2
G6UtgJVkhd0,0,3,/m/04brg2
G9KIco6pG8w,100,110,/m/04brg2
GAfwUnaYfI0,320,330,"/m/023pjk,/m/04brg2"
GBPwN9NOMVo,280,290,"/m/04brg2,/m/09x0r,/t/dd00125"
GCtK9bOjB88,20,30,"/m/023pjk,/m/04brg2"
GGCWmdNMr0Y,250,260,"/m/023pjk,/m/04brg2,/m/07p9k1k"
GHKx-KSt9dQ,50,60,"/m/04brg2,/m/04rlf"
GIS6MmZwP5g,30,40,"/m/023pjk,/m/04brg2"
GJa0HO9cuI8,130,140,/m/04brg2
GMkyNfyYVEQ,30,40,"/m/04brg2,/m/09x0r,/t/dd00125"
GMm8iWW2FK4,90,100,/m/04brg2
GMteILigAu4,50,60,"/m/023pjk,/m/04brg2"
GRpuXhXjAmk,290,300,"/m/023pjk,/m/04brg2"
GUk84jnXRBQ,200,210,/m/04brg2
GYhJ2RRiCeI,40,50,"/m/04brg2,/m/09x0r"
G_-Yjp3k3pI,30,40,"/m/04brg2,/m/04rlf,/m/09x0r"
GiVGqnpg1es,410,420,"/m/023pjk,/m/04brg2"
GnAnvQ6OKAk,170,180,"/m/04brg2,/m/09x0r,/t/dd00125"
GnTMTMLu8Vk,420,430,/m/04brg2
GptSMWadHJA,20,30,"/m/04brg2,/m/09x0r,/m/0fx9l"
Gr1Ktuy5zq8,150,160,/m/04brg2
GsUul-z1AC8,110,120,/m/04brg2
GtdzwcuF2aQ,60,70,"/m/04brg2,/m/09x0r"
Gu79e0F_DAQ,30,40,"/m/04brg2,/m/09x0r"
GuNDfj97MpY,30,40,/m/04brg2
H-Z7Txx9Qn4,30,40,/m/04brg2
H0RZORNgzOo,140,150,"/m/04brg2,/m/09x0r"
H18EFmywgXc,70,80,"/m/023pjk,/m/04brg2"
H2KQ_wsIoes,0,10,/m/04brg2
H4CTVba6DF0,60,70,/m/04brg2
H4CYJxSs_C8,30,40,"/m/023pjk,/m/04brg2"
H4xHHMjSQT4,30,40,"/m/04brg2,/m/09x0r"
H5Rx3HCHW4U,30,40,"/m/03v3yw,/m/04brg2,/m/04rlf"
HF7al8DE32U,30,40,"/m/04brg2,/m/04rlf,/m/09x0r"
HGHXahMUrUM,140,150,/m/04brg2
HOi_Pu8m3G8,40,50,"/m/04brg2,/m/09x0r,/t/dd00125"
HQ40IvZOFUo,210,220,"/m/023pjk,/m/04brg2"
HRGWbnGXgOU,10,20,/m/04brg2
HRe31HnLm5w,6,16,/m/04brg2
HYFi8dp7DnY,50,60,"/m/023pjk,/m/04brg2"
Hb8Bs5SmnUI,30,40,/m/04brg2
He1mE71QVQs,200,210,"/m/04brg2,/m/07phxs1,/m/07rv4dm"
HfBQ8bolpgU,100,110,"/m/04brg2,/m/09x0r,/t/dd00125"
Hly5zWCzi7Q,280,290,"/m/023pjk,/m/04brg2"
HnDmSqDM9K0,70,80,"/m/04brg2,/m/09x0r"
HoqzA-zHPD0,330,340,"/m/04brg2,/m/04rlf,/m/09x0r"
Hp05yLCc8vQ,110,120,"/m/04brg2,/m/09x0r,/t/dd00125"
HzcT5VgB9uw,60,70,"/m/023pjk,/m/04brg2"
I0iVmsOGC3Q,190,200,/m/04brg2
I2HedWZJD_o,90,100,/m/04brg2
I43MLFWr1Pk,120,130,"/m/04brg2,/m/09x0r"
IGvEY3hk3jA,30,40,/m/04brg2
IK4ZdmpBQrc,290,300,"/m/04brg2,/m/09x0r,/t/dd00125"
IMrI0TfCnVw,420,430,"/m/023pjk,/m/04brg2"
IN8pk34_S_k,0,10,"/m/023pjk,/m/04brg2"
IPFvDdxmBSw,80,90,"/m/04brg2,/m/09x0r,/t/dd00125"
IdGB-Q2p-eM,30,40,/m/04brg2
IjATDD3Yf10,200,210,/m/04brg2
IkuVEWqHg7Y,500,510,/m/04brg2
IlurniRU1b4,230,240,"/m/023pjk,/m/04brg2"
ImsccOK8yYo,120,130,"/m/023pjk,/m/04brg2"
IpW58fWGW5Q,0,10,/m/04brg2
IqUzh80HYVg,30,40,"/m/023pjk,/m/04brg2"
IuKYDovQ79I,350,360,"/m/023pjk,/m/04brg2"
IuNLaeH5bKI,30,40,"/m/023pjk,/m/04brg2"
IyvzUYQx8LY,40,50,"/m/04brg2,/m/09x0r"
J1enZao1Jt8,30,40,/m/04brg2
J2KH74vMMnw,30,40,"/m/04brg2,/m/09x0r"
J3Y39sGFbDQ,26,36,"/m/04brg2,/m/09x0r"
J4hDoTR1oYM,180,190,"/m/023pjk,/m/04brg2"
J5zwF52PON0,30,40,/m/04brg2
J6Dkx5KSfPs,520,530,/m/04brg2
J9TypJdxLcI,90,100,"/m/04brg2,/m/068hy,/m/068zj,/m/09x0r,/m/0jbk"
JD-xC4OkDOI,140,150,"/m/04brg2,/t/dd00125"
JF2c2NS3JqE,40,50,"/m/04brg2,/m/09x0r,/t/dd00125"
JFnExG0hvyI,30,40,"/m/04brg2,/m/09x0r"
JLTtrrEjD5w,50,60,"/m/015p6,/m/04brg2,/m/068hy,/m/0h0rv"
JNUGhOlZRJI,30,40,/m/04brg2
JNgqjXRDq_s,580,590,/m/04brg2
JNv4CQEgI-A,30,40,/m/04brg2
JOqTRGxVzUM,350,360,"/m/04brg2,/m/09x0r"
JQphdZQRTs4,40,50,"/m/023pjk,/m/04brg2"
JT4g4usFWiI,50,60,"/m/01g90h,/m/04brg2"
JTyozNYEkW4,30,40,"/m/04brg2,/m/09x0r"
JW8lSYYxi5k,150,160,"/m/023pjk,/m/04brg2"
JY-1_psAjA0,280,290,"/m/023pjk,/m/04brg2"
JZ9Tpv6h1pA,50,60,"/m/023pjk,/m/04brg2"
JafSeIv370E,120,130,"/m/04brg2,/m/09x0r,/t/dd00125"
Jb8YAhQ6EMk,40,50,/m/04brg2
JeO_WCBBHpI,40,50,"/m/04brg2,/m/09x0r,/t/dd00125"
JedWQBAn540,100,110,"/m/039jq,/m/04brg2,/m/0838f,/m/09x0r"
JfnjdDn7S40,140,150,"/m/023pjk,/m/04brg2"
Jg1jycR1zGQ,30,40,"/m/04brg2,/m/09x0r"
Jhk6ts63LeE,330,340,/m/04brg2
Jiur7qz3NU8,50,60,"/m/04brg2,/m/09x0r,/t/dd00125"
JkDkbmAv0IQ,30,40,/m/04brg2
JnwENi6JoHQ,170,180,"/m/04brg2,/m/09x0r,/t/dd00125"
JqB0resmFy0,190,200,/m/04brg2
Jqgb6hEqXv0,210,220,/m/04brg2
JyzNt1JKAiw,530,540,"/m/04brg2,/m/09x0r,/t/dd00125"
Jz9r4H9kaTI,170,180,/m/04brg2
K0OM1kMgtek,30,40,/m/04brg2
K0lz3KW1MrA,30,40,"/m/04brg2,/m/09x0r"
K3CPeCZw_s8,60,70,/m/04brg2
K3EHNtRXcwc,70,80,"/m/023pjk,/m/04brg2"
K3IWcapo0Ks,90,100,/m/04brg2
K6i1mO_KzQI,30,40,/m/04brg2
K8uz7MxS2rM,120,130,/m/04brg2
K9DXRFyZK0M,60,70,"/m/023pjk,/m/04brg2"
KEwdcYFMlX0,30,40,"/m/04brg2,/m/09x0r"
KGp2qw_kiwU,90,100,"/m/023pjk,/m/04brg2"
KIiArde8_Ic,250,260,/m/04brg2
KQT8EAzhXFs,0,7,"/m/023pjk,/m/04brg2"
KR1ZfGTcyVg,270,280,"/m/04brg2,/m/09x0r,/t/dd00125"
KS7UnJn3tuU,320,330,/m/04brg2
KVmuW9kwZV4,3,13,/m/04brg2
KWGFk42uXLI,350,360,/m/04brg2
KWKTCUCPMg4,210,220,/m/04brg2
K_pPV0b66u4,30,40,"/m/04brg2,/m/09x0r"
Kc7P798BfZ4,30,40,/m/04brg2
KcTolf55qN4,140,150,"/m/04brg2,/m/09x0r"
KdEeeefJDwA,530,540,/m/04brg2
KkcwF8gUzX4,120,130,/m/04brg2
Ks82WXeSK_I,200,210,"/m/023pjk,/m/04brg2,/m/07ptfmf,/m/0dxrf"
KyUvT_UNEhI,30,40,"/m/023pjk,/m/04brg2"
L1fh0obzp_Y,230,240,"/m/023pjk,/m/04brg2"
L2hn2QNrbBM,30,40,"/m/023pjk,/m/04brg2"
L5R3xy1lUls,260,270,/m/04brg2
L80s0AbyD4I,320,330,"/m/023pjk,/m/04brg2"
L96UChvUiWY,0,10,"/m/023pjk,/m/04brg2"
L9I3kf5rsq8,190,200,/m/04brg2
LAldrRKCX8k,110,120,"/m/023pjk,/m/04brg2"
LIR9aV0wTAc,10,20,/m/04brg2
LWHFRLVdmgc,230,240,/m/04brg2
LWzM39B2Fxw,3,13,/m/04brg2
LZw2PcrCjeo,24,34,"/m/04brg2,/m/09x0r"
LbNrktbsZkk,360,370,"/m/04brg2,/m/09x0r,/t/dd00125"
LdPpidWfxLw,60,70,/m/04brg2
LefYoysBDy4,10,20,"/m/04brg2,/m/09x0r,/t/dd00125"
LhSV8rp8wJI,130,140,/m/04brg2
LiZjpM2TgzQ,350,360,"/m/023pjk,/m/04brg2"
LjyCy0UfnOQ,70,80,"/m/023pjk,/m/04brg2"
LkXILk5okJg,200,210,"/m/023pjk,/m/04brg2"
LpzcIpvFShU,30,40,/m/04brg2
Lr0Tg2O-M7I,580,590,"/m/04brg2,/m/09x0r"
LrQ_coFMnWU,90,100,"/m/023pjk,/m/04brg2"
LrdRIP4IvTw,60,70,/m/04brg2
LsV0iQy3a3E,250,260,"/m/023pjk,/m/04brg2"
Lt9gq3qcaoU,330,340,"/m/023pjk,/m/04brg2"
LzUNHMYhInQ,290,300,/m/04brg2
LzZEVETZ8-Q,30,40,/m/04brg2
M-84LWX5n_k,110,120,"/m/04brg2,/m/09x0r"
M-l16BaDGMY,160,170,"/m/04brg2,/m/09x0r,/t/dd00125"
M0I7fSWszX4,260,270,"/m/023pjk,/m/04brg2"
M18XS_oqlRo,30,40,/m/04brg2
M41ZjWeclo4,70,80,"/m/023pjk,/m/04brg2"
M4YUETGhC8M,60,70,"/m/023pjk,/m/04brg2,/m/07p9k1k,/m/0dxrf"
M9aRXYqVBfA,180,190,/m/04brg2
MCPIhVL31cw,550,560,/m/04brg2
MD8h1X1uhbw,50,60,/m/04brg2
MEKHkpgVZog,130,140,/m/04brg2
ML_8zW6PPPw,230,240,/m/04brg2
MMAEDTgNaH8,150,160,/m/04brg2
MMoFx3NoyQg,80,90,"/m/03dnzn,/m/04brg2,/m/0838f,/m/09x0r,/t/dd00125"
MRsarUB6ZuQ,550,560,"/m/023pjk,/m/04brg2"
MUFiebN_CHI,560,570,"/m/023pjk,/m/04brg2"
M_R9dz87LCQ,260,270,/m/04brg2
MaTTLUPrW6Q,140,150,"/m/04brg2,/m/09x0r"
McJ5aNpbSfs,210,220,"/m/023pjk,/m/04brg2,/m/07ptfmf"
MeC31x8nVpo,30,40,"/m/04brg2,/m/09x0r"
MgRSnbmfNlM,540,550,"/m/023pjk,/m/04brg2"
MihslZambS0,410,420,"/m/039jq,/m/04brg2,/m/09x0r"
MipF5XagJYc,200,210,"/m/04brg2,/m/09x0r"
Mme__3Xlnq4,460,470,"/m/023pjk,/m/02p01q,/m/04brg2,/m/07pdjhy"
Mtqf1_kZhg8,90,100,"/m/04brg2,/m/07r4gkf"
MvEvFvOvhmk,170,180,"/m/023pjk,/m/04brg2"
N0fSeBNwFMw,80,90,"/m/023pjk,/m/04brg2"
N1HOb1yG_Bg,30,40,/m/04brg2
N2A7lO8iGj8,300,310,"/m/023pjk,/m/04brg2"
N2DBUsEp2YI,30,40,"/m/04brg2,/m/04rlf,/m/09x0r"
N5B-7qbYxfw,160,170,"/m/023pjk,/m/04brg2"
N5jYhzrKPrg,130,140,"/m/04brg2,/m/09x0r,/t/dd00125"
N7bV6jH_YAc,30,40,"/m/04brg2,/m/04rlf,/m/09x0r"
N7gm4ocnRoY,350,360,/m/04brg2
NACdMaG7wNs,490,500,"/m/04brg2,/m/09x0r"
NEWXLFML6lI,30,40,/m/04brg2
NEo0lewRTc0,550,560,/m/04brg2
NF4u3BbPRXk,20,30,/m/04brg2
NGD09NFbUTs,90,100,"/m/023pjk,/m/04brg2"
NONRaFIehcA,30,40,"/m/04brg2,/m/09x0r,/t/dd00125"
NOTb5ODv2ik,0,10,/m/04brg2
N_9vUC_z5JE,110,120,"/m/04brg2,/m/09x0r"
NbBFq2pJeKc,150,160,"/m/023pjk,/m/04brg2"
NcFKpcneEXk,150,160,"/m/04brg2,/m/09x0r,/t/dd00125"
NicqxO79huw,30,40,"/m/023pjk,/m/04brg2"
Nizg8vb_RlY,120,130,"/m/023pjk,/m/04brg2"
NkKtRdFauHg,340,350,"/m/023pjk,/m/04brg2"
Nnt49h9kSuQ,60,70,/m/04brg2
No4tP84-NvI,110,120,"/m/023pjk,/m/04brg2"
NoJyl0x02LI,550,560,/m/04brg2
NwuQ2CpJrxQ,30,40,"/m/023pjk,/m/04brg2,/m/07p9k1k"
NxvulXLvGwg,120,130,/m/04brg2
O2reHY4GXTw,40,50,"/m/023pjk,/m/04brg2"
O3rpeKmy8dQ,110,120,/m/04brg2
O9WV_0-8Av0,230,240,"/m/023pjk,/m/04brg2"
OAPLyuXpmXM,30,40,"/m/023pjk,/m/04brg2"
OB7pPee45i4,30,40,"/m/04brg2,/m/09x0r,/m/0fx9l"
OKS_AT0nHlw,30,40,/m/04brg2
OMiuc2xE_Tc,150,160,"/m/023pjk,/m/04brg2"
OMu-1yoitj8,350,360,/m/04brg2
OS4HCZabuY8,340,350,"/m/04brg2,/t/dd00125"
OUuix9-i_eg,10,20,"/m/04brg2,/m/09x0r"
OWTooUuyOCY,200,210,"/m/023pjk,/m/04brg2"
OZftVCeblMk,0,7,"/m/023pjk,/m/04brg2"
OflKeT9cmLc,220,230,"/m/023pjk,/m/04brg2"
OizzdPboyeI,30,40,/m/04brg2
Ok9qng8Tz3Q,340,350,"/m/04brg2,/m/09x0r,/t/dd00126"
OkERvrnhrCY,30,40,"/m/04brg2,/m/09x0r"
Op68dS-sTZI,50,60,"/m/023pjk,/m/04brg2"
OtQfR8Cn3VI,140,150,"/m/04brg2,/m/09x0r,/m/0ytgt,/t/dd00125"
OuY5tNqHYTE,30,40,"/m/023pjk,/m/04brg2"
OvY9EF1uhF0,370,380,"/m/023pjk,/m/04brg2"
OvjZomZu_eQ,200,210,"/m/04brg2,/m/09x0r,/t/dd00125"
Oy5FTH7d4Rw,100,110,"/m/023pjk,/m/04brg2"
Oyi_0HJfJns,30,40,/m/04brg2
P06HmPH7zt0,200,210,"/m/023pjk,/m/04brg2"
P20WCiyloZA,270,280,"/m/04brg2,/m/09x0r"
P3b-wqE-69w,80,90,"/m/04brg2,/m/09x0r,/t/dd00125"
P4DFg-EjFlU,430,440,"/m/04brg2,/m/09x0r,/t/dd00125"
P7sNGUigJ_4,90,100,/m/04brg2
