-146FAIZx8I,40,50,"/m/02g901,/m/09x0r"
-2kt5gv42qI,150,160,"/m/02g901,/t/dd00129"
-3b5grRXXoY,20,30,"/m/02g901,/m/09x0r"
-AuyT54jO-k,10,20,"/m/02g901,/t/dd00125"
-Fuy9OgQrrI,30,40,"/m/02g901,/m/04rlf,/m/09x0r,/m/0ytgt"
-OwCXCN1NsY,490,500,"/m/02g901,/m/09x0r,/t/dd00125"
-ZsiMiXAtWs,457,467,/m/02g901
-aiu1gvvLt0,40,50,"/m/02g901,/m/04rlf,/m/09x0r"
-b_MKdGkmMU,20,30,"/m/02g901,/m/09x0r"
-dq0VTvuxxU,560,570,"/m/02g901,/m/09x0r"
-gPyDsf4Rys,110,120,"/m/02g901,/m/09x0r"
-hcYqc8oCuk,320,330,"/m/02g901,/m/09x0r"
-l8PxqOuQno,440,450,/m/02g901
-v_xsHAOVxs,210,220,"/m/02g901,/m/09x0r,/t/dd00125"
01UeQNG6414,50,60,"/m/02g901,/t/dd00125"
06dB6rG7W3Q,30,40,/m/02g901
0Dly8-eZvyE,30,40,"/m/02g901,/m/07pbtc8"
0KarxIguv18,180,190,"/m/02g901,/m/09x0r,/t/dd00125"
0LS5I8e5O58,30,40,"/m/02g901,/m/07qmpdm"
0QXk4YMhiYQ,30,40,/m/02g901
0ZePjyh5xGQ,70,80,/m/02g901
0d8_1lfiU0Q,90,100,"/m/02g901,/m/09x0r"
0j-mPw3WpVw,10,20,"/m/02g901,/m/09x0r"
0jDRW64FWa0,90,100,/m/02g901
0ny3NV1LczM,0,10,"/m/02g901,/m/04fgwm,/m/09x0r"
0uX3T48TZ-o,0,10,"/m/02g901,/t/dd00125"
0yHjaOrOuPs,280,290,"/m/02g901,/m/09x0r,/t/dd00126"
10ka4Hi5ulc,190,200,"/m/02g901,/m/04rlf,/m/09x0r"
117gLyWQtwU,100,110,/m/02g901
13BHUovD_mE,22,32,"/m/02g901,/m/09x0r"
15MHODWgCm0,460,470,"/m/02g901,/m/09x0r,/t/dd00125"
16JrmxwVOgg,50,60,"/m/02g901,/m/04rlf"
18hLbtiGqes,40,50,/m/02g901
1C0KmX3qjOI,80,90,/m/02g901
1Hz0tG3mfMc,80,90,"/m/02g901,/m/09x0r,/t/dd00125"
1LZXmZyQE-Q,90,100,"/m/02g901,/m/04rlf,/m/09x0r,/t/dd00125"
1VPLtD6f3ww,200,210,"/m/02g901,/m/03fwl,/m/09x0r,/m/0ch8v,/m/0jbk"
1fN_cccYjC4,140,150,"/m/02g901,/m/07yv9"
1n60HNrTs_E,0,10,"/m/02g901,/m/09x0r"
1ndNviGBIIY,30,40,"/m/02g901,/m/04rlf,/m/07s8j8t"
1oc7Z8x1WBk,570,580,"/m/02g901,/m/04rlf,/m/09x0r,/t/dd00125"
20hcB3aaPaE,220,230,"/m/02g901,/m/04rlf,/m/09x0r"
26lpnBCzET4,160,170,"/m/02g901,/m/09x0r,/t/dd00125"
28yP7YjkYIA,590,600,"/m/02g901,/m/04rlf,/m/09x0r"
2FbfUxjJiDk,340,350,"/m/02g901,/m/09x0r"
2FsA1yoZ840,40,50,/m/02g901
2OcxvW_ihek,190,200,"/m/02g901,/m/09x0r,/t/dd00125"
2REMfqgV5gk,100,110,"/m/02g901,/m/03fwl,/m/07bgp,/m/09x0r,/m/0jbk"
2SxaI-tNdoE,29,39,"/m/01b9nn,/m/02g901,/m/0c1dj"
2bjg3NXQ_ts,60,70,"/m/02g901,/m/0342h,/m/04rlf,/m/04szw,/m/0fx80y"
2cVWhokonSg,250,260,"/m/02g901,/m/04rlf,/m/09x0r,/t/dd00125"
2k_VBGDXOl4,30,40,"/m/02g901,/m/07pzfmf"
2nHzWF2Hn6o,270,280,"/m/02g901,/m/09x0r,/t/dd00125"
2t1-Dk85Wng,12,22,/m/02g901
2vXf6A7aYZA,80,90,"/m/02g901,/m/09x0r,/t/dd00127"
311w_dm8a1M,150,160,"/m/02g901,/m/09x0r,/t/dd00125"
32ez3PEx-rI,190,200,"/m/02g901,/m/09x0r"
38LSfTw5L60,0,10,"/m/02g901,/m/04fgwm"
3DouilQrz00,18,28,/m/02g901
3I9eMVG8psg,140,150,"/m/02g901,/m/04rlf,/m/09x0r"
3TGzELPfudw,0,10,"/m/01m2v,/m/02g901"
3WjrijyMKtQ,30,40,/m/02g901
3aNAk53nRM8,470,480,"/m/02g901,/m/09x0r,/t/dd00126"
3kV0FpsiV_s,50,60,"/m/02g901,/m/09x0r"
3koUfQRKG9o,16,26,/m/02g901
3pnF55G80Mc,30,40,/m/02g901
3qOKKqrGgP4,90,100,/m/02g901
494nsqffhTE,40,50,/m/02g901
4Ej40iHrA-Q,300,310,"/m/02g901,/m/09x0r,/t/dd00125"
4_BMiv4n5W4,190,200,"/m/02g901,/m/09x0r,/m/0ytgt"
4_qnGJihHvM,170,180,"/m/02g901,/m/09x0r"
4d8Qth3bEOE,10,20,"/m/02g901,/m/09x0r"
4ftHLkkOgbg,200,210,"/m/02g901,/m/09x0r"
4gFRgH2FGWk,490,500,"/m/02g901,/m/09x0r"
4iAdrVeCMZg,120,130,/m/02g901
4jNNIdSZaec,550,560,"/m/02g901,/m/09x0r"
4nOZGodjdJQ,450,460,"/m/02g901,/m/09x0r"
4qVqsHqlAfU,50,60,/m/02g901
4rznQNMwoOM,30,40,"/m/02g901,/m/04rlf"
4tAubzgxw-E,50,60,"/m/02g901,/t/dd00125"
4uhD2VPcPgM,470,480,/m/02g901
5-P_wQ8JOBE,30,40,"/m/02g901,/m/09x0r"
51QDqprTbW8,50,60,"/m/02g901,/m/04rlf,/m/09x0r,/t/dd00125"
53JnLElH4Wc,440,450,"/m/02g901,/m/09x0r,/t/dd00125"
57fy7lccB0U,300,310,"/m/02g901,/m/09x0r,/t/dd00125"
5FNOfXHPtL8,110,120,/m/02g901
5HyEDzwuqBs,0,10,/m/02g901
5JPUqYpMCC0,320,330,"/m/02g901,/m/04rlf"
5P5Hw47eHq0,70,80,"/m/02g901,/m/09x0r,/t/dd00125"
5Sowy1uf9sc,400,410,"/m/02g901,/m/04rlf,/m/09x0r"
5TzLfuKLidA,40,50,"/m/02g901,/m/04rlf,/m/09x0r,/m/0ytgt,/t/dd00125"
5YQVSgBBy_8,360,370,"/m/02g901,/m/09x0r"
5aoBIzSTw3E,150,160,"/m/02g901,/m/04rlf,/m/0glt670"
5p7AR47jOU0,30,40,"/m/02g901,/m/09x0r"
5q1aKTdSLkY,240,250,"/m/02g901,/m/09x0r,/t/dd00125"
5r5SU_6xql4,0,10,"/m/015p6,/m/02g901"
5rSHXAPpLBU,40,50,/m/02g901
5uUEIOra4n8,570,580,"/m/02g901,/m/04rlf,/t/dd00125"
5wsuKy1xOLw,20,30,/m/02g901
5yfZsVs9MhY,24,34,/m/02g901
5z_WjmpUiEg,230,240,"/m/02g901,/m/09x0r,/t/dd00125"
6-i320AJfCg,20,30,"/m/02g901,/m/09x0r"
602xhv09VEA,260,270,"/m/02g901,/m/09x0r"
69P8eWY-Q-Y,290,300,"/m/02g901,/m/09x0r"
69rOOArLuaI,180,190,"/m/02g901,/m/09x0r"
6SKgNOsHgwU,30,40,/m/02g901
6TrzLXbA08M,130,140,"/m/02g901,/m/04rlf,/m/09x0r,/t/dd00125"
6Vrp30Ohsfw,50,60,"/m/02g901,/m/09x0r,/t/dd00125"
6acucgdj3c0,60,70,/m/02g901
6eQcUXzEIBU,130,140,"/m/02g901,/m/09x0r,/m/0ytgt,/t/dd00125"
6pgLixTKuLk,0,10,/m/02g901
6q5Bw8N8B6Y,30,40,/m/02g901
6qa2gp8O9FA,10,20,/m/02g901
6w_WrwtpnUY,130,140,"/m/02g901,/m/09x0r"
6zAGUnzJEHk,0,10,/m/02g901
72YnuWh4r-E,90,100,"/m/02g901,/m/09x0r,/t/dd00125"
74H2THUDZTo,130,140,"/m/02g901,/t/dd00125"
7BmvRXCZqcQ,400,410,/m/02g901
7C1OHM4segM,70,80,/m/02g901
7L18NcwzrKM,200,210,/m/02g901
7UvL3_Tchmk,410,420,"/m/02g901,/m/07k1x,/m/09x0r"
7W9xcMEVs6o,240,250,"/m/02g901,/m/09x0r"
7bHXk1riScE,80,90,"/m/02g901,/m/09x0r"
7em5ptAyzIk,480,490,/m/02g901
7fbq9Ur4U2Q,310,320,/m/02g901
7mvN10Zo2mg,180,190,"/m/02g901,/t/dd00125"
7yeWLEus7OI,80,90,"/m/02g901,/m/02pjr4"
7yj_qBopdZU,100,110,"/m/02g901,/m/09x0r,/t/dd00125"
8A5sqiXqPVc,250,260,"/m/02g901,/m/04rlf,/m/09x0r"
8C5iSG4d228,130,140,"/m/02g901,/m/09x0r"
8EKxBercQno,30,40,/m/02g901
8IZf3MODgyw,30,40,"/m/02g901,/m/04rlf"
8SHlsnlhVAk,60,70,"/m/02g901,/m/03fwl,/m/07bgp,/m/09x0r,/m/0ch8v,/m/0jbk"
8Y3du2Iw0v4,60,70,"/m/02g901,/m/04rlf,/m/05zppz,/m/09x0r"
8_H6Pxw2hdI,80,90,"/m/02g901,/m/04rlf,/t/dd00125"
8bHAU-BzfkE,30,40,"/m/02g901,/m/09x0r"
8opr7zShTec,250,260,"/m/02g901,/m/09x0r,/t/dd00126"
8piwbw6qmOc,30,40,"/m/02g901,/m/09x0r"
8z4uE74_XUs,340,350,"/m/02g901,/t/dd00125"
8zgQgREF1rA,210,220,/m/02g901
948s7w-mFs8,460,470,/m/02g901
984uPhq5rTs,27,37,/m/02g901
9ARYOLY1Qko,0,9,/m/02g901
9D8YfNfAQOE,340,350,"/m/02g901,/m/09x0r"
9DsrA20flSU,100,110,/m/02g901
9LrEvW6ABpQ,130,140,"/m/02g901,/m/04rlf,/m/09x0r"
9RBPo0Sia3I,130,140,"/m/02g901,/m/09x0r,/t/dd00126"
9TAqtOkm1oY,20,30,"/m/02g901,/m/030rvx"
9TVps_GWLDk,110,120,/m/02g901
9UREnfaEBIs,180,190,"/m/02g901,/m/09x0r"
9eR2cIpNh7Y,0,10,/m/02g901
9jihI2WuVsY,260,270,"/m/02g901,/m/09x0r,/t/dd00125"
9m9EbiLFWTY,430,440,/m/02g901
9mS6dCLBdTk,370,380,"/m/02g901,/m/09x0r"
9tLhuhtIXcc,340,350,"/m/02g901,/m/09x0r"
9vnCi8nepzY,10,20,"/m/02g901,/m/07k1x"
9wUQYesk9gk,380,390,"/m/02g901,/m/09x0r,/t/dd00126"
A7NAquiFBq8,200,210,"/m/02g901,/m/09x0r,/t/dd00126"
AAc6Who5T0E,80,90,"/m/02g901,/m/09x0r"
ACzEvSWufJM,30,40,"/m/01m4t,/m/02g901"
AMmuXrnWfWQ,480,490,/m/02g901
AWCF9m5w_2U,520,530,"/m/02g901,/m/09x0r"
AaeemnJDijQ,300,310,"/m/02g901,/m/09x0r"
AcDMuwv5LeA,250,260,"/m/02g901,/m/09x0r"
Ai8bBqbdB0g,210,220,"/m/02g901,/m/09x0r,/t/dd00125"
Ak6rC0q_WaA,230,240,"/m/02g901,/m/09x0r,/t/dd00125"
Aq9QPtfMuO4,110,120,"/m/02g901,/t/dd00125"
Asyn7p7IKAw,30,40,/m/02g901
B09uXArfMYw,190,200,/m/02g901
B68cG3V8NHM,510,520,"/m/02g901,/m/04rlf"
BARukr6ociw,160,170,"/m/02g901,/m/04rlf,/t/dd00125"
BNwIwR191qY,490,500,"/m/02g901,/m/04rlf,/m/09x0r,/m/0glt670,/t/dd00125"
BUzoqv1iSgI,240,250,"/m/02g901,/m/09x0r,/t/dd00125"
B_l8BM0EW3s,340,350,"/m/02g901,/m/09x0r,/t/dd00125"
B_xj4in5h4M,10,20,"/m/02g901,/m/04rlf,/m/09x0r,/t/dd00125"
BfsxrvRNJe0,100,110,"/m/02g901,/m/09x0r"
BiUSlWP7S2M,0,10,"/m/02g901,/m/09x0r,/t/dd00125"
BlYrvLNocB0,100,110,"/m/02g901,/m/09x0r,/t/dd00125"
BqjPagd1POE,160,170,"/m/02g901,/m/09x0r"
Bu9SzBw5flU,30,40,"/m/02g901,/m/09x0r"
Bz282CUN0q4,320,330,"/m/02g901,/m/09x0r,/t/dd00125"
C3AOx9tpeyw,30,40,"/m/02g901,/m/04rlf,/m/09x0r"
C3ZrUyT-B5s,360,370,"/m/02g901,/m/09x0r,/m/0jbk,/t/dd00128"
CIRHdOxbYhE,0,10,"/m/02g901,/m/09x0r,/t/dd00125"
CNhIye_TpYo,0,10,"/m/02g901,/m/09x0r,/t/dd00125"
COL58C_D8Fc,130,140,"/m/02g901,/m/04rlf,/m/09x0r"
COQWlHWOC18,0,10,"/m/02g901,/m/09x0r,/t/dd00127"
CVmyR36piyE,110,120,"/m/02g901,/m/09x0r,/t/dd00126"
CYZU8Z82dxE,70,80,"/m/02g901,/m/04rlf,/m/09x0r"
CchZo5VpD9Y,140,150,/m/02g901
CeA6yWUK1Vg,0,10,"/m/02g901,/m/09x0r,/t/dd00126"
ChKx4LnaiUg,30,40,"/m/02g901,/m/09x0r"
Cimxwd1WQVI,400,410,"/m/02g901,/m/04rlf,/m/09x0r,/t/dd00125"
ClD5nZPCYpo,340,350,/m/02g901
CoCy3NfKIvE,200,210,"/m/02g901,/m/04rlf,/m/09x0r"
D0PkKfd2owU,290,300,"/m/02g901,/m/09x0r,/t/dd00125"
D4wFqJG_q5c,150,160,"/m/02g901,/m/09x0r"
D5qNjMDWtIY,140,150,"/m/02g901,/t/dd00125,/t/dd00128"
DGuKsVnWQjw,110,120,"/m/02g901,/m/09x0r"
DJ67WIInEfQ,190,200,"/m/02g901,/m/04rlf,/t/dd00125"
DPBgdg_2PQg,590,600,"/m/02g901,/m/09x0r"
DaMmowA46Zc,30,40,"/m/01yg9g,/m/02g901"
Dd195rxff_4,10,20,"/m/02g901,/m/09x0r"
De4WXe0RE7A,300,310,/m/02g901
DeD1j04pUms,110,120,"/m/02g901,/m/04rlf,/t/dd00125"
DgTM2hi2KJY,10,20,"/m/02g901,/m/09x0r,/t/dd00125"
DlzC789n4Kg,20,30,/m/02g901
DoOSsB05UTI,50,60,"/m/02g901,/m/09x0r"
DshGlHW-Gso,470,480,"/m/02g901,/m/04rlf"
E15aI0UOX1M,300,310,"/m/02g901,/t/dd00125"
E2Wz2m4OnNc,320,330,"/m/02g901,/m/09x0r"
E9ohIJOUZ1w,370,380,"/m/02g901,/m/09x0r,/t/dd00126"
EB94yFUw8Zw,240,250,"/m/02g901,/m/09x0r"
EDQYgMCtqzA,220,230,/m/02g901
EMzjnESswRY,140,150,"/m/02g901,/m/09x0r,/t/dd00126"
EQKPMdmQUa8,80,90,"/m/015lz1,/m/02g901,/m/04rlf"
Eawep99T5L4,50,60,"/m/02g901,/m/04rlf,/m/09x0r"
Ejwv2_FUGN4,430,440,/m/02g901
Ep4GrnxKoSE,11,21,"/m/02g901,/m/09x0r,/m/0c1dj"
EsPtgM0aEtI,90,100,"/m/02g901,/m/09x0r,/t/dd00125"
EtM-2FtKBf0,30,40,"/m/02g901,/m/09x0r"
EvMbEmJ4J3o,360,370,"/m/02g901,/m/09x0r"
EySFDEueEH8,104,114,"/m/02g901,/m/04rlf"
FBGLsJp7kek,40,50,"/m/02g901,/m/09x0r,/t/dd00125"
FDeBvWqp_Y4,240,250,"/m/02g901,/m/09x0r"
FPoNvtxWpss,0,10,"/m/02g901,/m/04rlf,/m/09x0r"
Fa6lZMaA9N0,10,20,/m/02g901
FmEXmMq5_FM,150,160,/m/02g901
FmHFAxeriaw,20,30,/m/02g901
Fnhp0lszU_k,220,230,"/m/02g901,/t/dd00128"
FsDaAM56i4Y,130,140,"/m/02g901,/m/04rlf,/m/09x0r"
FzAq9HYrf70,20,30,"/m/02g901,/m/09x0r"
G-HHDd9iGBk,0,10,"/m/02g901,/m/09x0r"
G1AvsRUu-Ss,16,26,"/m/02g901,/m/09x0r"
G1TYuDvGnAE,80,90,"/m/02g901,/m/04rlf,/m/09x0r,/t/dd00125"
G78gPpj930Y,20,30,/m/02g901
GFuBaL2Y-Hk,30,40,"/m/02g901,/m/09x0r"
GH_MVIMQFHM,0,10,"/m/02g901,/m/04rlf"
GQO3Lz7bkf4,530,540,"/m/02g901,/m/09x0r,/t/dd00125"
GRnVa7qyqvo,230,240,"/m/01j3sz,/m/02g901,/m/09x0r"
GX6VfRcR0eQ,140,150,"/m/02g901,/m/09x0r,/t/dd00125"
GaZoIF4-yFQ,0,10,"/m/02g901,/m/09x0r,/t/dd00125"
GfsXS_grY8c,40,50,"/m/02g901,/m/09x0r"
GrwAEuPJ7Do,0,10,/m/02g901
GsRMs2ZDFkA,20,30,"/m/02g901,/m/09x0r,/t/dd00126"
GtskpVs-GqE,190,200,"/m/02g901,/m/09x0r"
Gyl1eDa5owo,80,90,"/m/02g901,/m/068zj,/m/09x0r,/m/0jbk"
H53532KDxJ8,20,30,"/m/02g901,/m/04rlf"
H69K1QTcklQ,300,310,"/m/02g901,/t/dd00125"
H7YFoWtR2oQ,70,80,/m/02g901
HIL_XZhGMBQ,190,200,/m/02g901
HK9HcXLaCjM,110,120,/m/02g901
HKh4K9O-2Xs,70,80,"/m/02g901,/m/09x0r"
HSGqUNUsCQk,180,190,"/m/02g901,/m/02zsn,/m/09x0r"
HgIUKl-KRqw,10,20,/m/02g901
HkKcZslV6Tk,50,60,"/m/02g901,/m/09x0r"
HoPFUBRYREc,90,100,/m/02g901
Hxv1zWVvZoM,0,8,/m/02g901
I0JEPsCZqug,0,10,"/m/02g901,/m/09x0r"
I6MNWNe40HI,440,450,/m/02g901
IBbxVUX9-cA,100,110,/m/02g901
IISdb2xY1c8,70,80,/m/02g901
ILJI1wVznms,0,10,"/m/02g901,/m/09x0r"
IM7fC7cC-0s,90,100,"/m/02g901,/m/09x0r"
IPIbEAJp0A0,30,40,"/m/02g901,/m/0k65p"
IeRuz2rIJyg,430,440,"/m/02g901,/m/09x0r,/t/dd00126"
Igw374pWPo0,10,20,/m/02g901
IkBxTAza3dg,200,210,"/m/02g901,/t/dd00125"
ImHzoh9GdKM,60,70,"/m/02g901,/m/09x0r,/t/dd00125"
In6z6soEReE,240,250,"/m/02g901,/m/09x0r"
Itzsv64OO28,550,560,"/m/02g901,/m/09x0r"
JBIqqE21-jQ,0,10,"/m/02g901,/m/09x0r,/t/dd00125"
JODPEwUPyUE,40,50,"/m/02g901,/m/03fwl,/m/0jbk,/t/dd00129"
JPLVS-TdW14,10,20,/m/02g901
JRDjuVB5HUU,240,250,"/m/02g901,/m/09x0r"
JTm4eWrq19A,110,120,"/m/02g901,/t/dd00125"
JTyaZBmykRY,130,140,"/m/02g901,/m/09x0r,/t/dd00125"
JfTmZCBhJWQ,590,600,"/m/02g901,/m/09x0r"
JoHPSVAsd2U,30,40,"/m/02g901,/m/09x0r"
Jr_OfKeydlA,30,40,"/m/02g901,/m/03lty,/m/04rlf,/m/05r6t"
Ju-EIOsue2s,30,40,/m/02g901
JuRJ472fUnk,100,110,"/m/02g901,/m/09x0r,/t/dd00125"
Jz4qq27SXXk,290,300,"/m/02g901,/m/09x0r"
K8VRihmM1QA,50,60,/m/02g901
KGVtJF107qc,20,30,"/m/02g901,/t/dd00112"
KIQtV8SMMu8,310,320,"/m/02g901,/t/dd00125"
KNH0aLDHlQQ,120,130,"/m/02g901,/m/09x0r"
KOkMeaJzqNk,160,170,"/m/02g901,/m/04fgwm,/m/09x0r"
KQ8Dj-duMnw,30,40,/m/02g901
KSS7ZQVYW10,450,460,/m/02g901
KYSwwpayekA,130,140,/m/02g901
Ka6ML4DEKc0,10,20,"/m/02g901,/m/09x0r,/t/dd00126"
KbGlQ5YWPpQ,220,230,/m/02g901
Kn1DpReuHy0,120,130,"/m/02g901,/m/04rlf,/m/09x0r,/t/dd00125"
KwZYLk5E-IQ,220,230,"/m/02g901,/m/09x0r,/t/dd00125"
KxXv1je6yr8,80,90,"/m/02g901,/m/09x0r"
L3KZfyHrtzs,560,570,/m/02g901
L5AV2CFTD6A,80,90,/m/02g901
L6CKBEyO634,100,110,"/m/02g901,/m/04rlf,/m/09x0r"
LAmn2RdVDvo,220,230,/m/02g901
LPD7Hnu-luc,0,10,/m/02g901
LWDrkqD1XSw,10,20,/m/02g901
LWzfyt3e5Z8,40,50,"/m/02g901,/m/04rlf,/m/09x0r,/t/dd00126"
LYmWt7SZlKM,470,480,"/m/02g901,/m/09x0r"
Ld-c_WIituQ,90,100,"/m/02g901,/m/09x0r"
LgAk1Z7jM64,110,120,/m/02g901
Lkvy_Q8LkNM,250,260,"/m/02g901,/m/09x0r,/t/dd00125"
LmQf3bRH2Ew,180,190,"/m/02g901,/m/09x0r"
LuVGoAo_89E,100,110,"/m/02g901,/m/09x0r,/m/0ytgt,/t/dd00125"
Lzzwp_QneSE,30,40,"/m/02g901,/m/09x0r"
MCV2zZOx3Hk,390,400,/m/02g901
MDo34OntZEM,150,160,"/m/02g901,/m/04rlf"
MGDY9Vzb7aU,320,330,"/m/02g901,/m/09x0r"
MRkwZ2cvzy8,430,440,"/m/02g901,/m/09x0r,/t/dd00126"
MU487KudJbU,280,290,/m/02g901
MVY6JtWzPZw,0,10,/m/02g901
MVnTX-GZHsY,60,70,/m/02g901
MWmW1NHMj38,410,420,"/m/02g901,/t/dd00125"
MXGpsGRdfUo,90,100,"/m/02g901,/m/04rlf,/m/09x0r"
MbeR0hzFN_Y,60,70,"/m/02g901,/m/09x0r"
Mbqy9JkpCFM,220,230,"/m/02g901,/m/04rlf,/m/09x0r"
MiCVDqILkyA,0,10,"/m/02g901,/m/04rlf"
MpqRIkGAD4w,10,20,"/m/02g901,/m/09x0r,/t/dd00125"
MvcQ98HvC_4,310,320,/m/02g901
MzU3WqY6J3Q,80,90,"/m/02g901,/m/04rlf,/m/09x0r,/m/0jbk"
N3K9gKi72D8,0,10,/m/02g901
N5lrF4u0qEk,220,230,"/m/02g901,/m/09x0r,/t/dd00129"
NArcOpMoWzg,90,100,"/m/02g901,/m/09x0r,/t/dd00125"
NCSQrxDWvjE,290,300,"/m/02g901,/m/09x0r,/t/dd00125"
NDsOhadvcnA,310,320,"/m/02g901,/m/09x0r"
NFLmLT6c2mY,520,530,"/m/02g901,/m/09x0r,/t/dd00125"
NGsO2CWdE8Y,150,160,"/m/02g901,/m/04rlf,/m/09x0r"
NMrh7MpmtjQ,40,50,"/m/02g901,/m/09x0r,/t/dd00125"
NNdGDzuCfeQ,0,10,"/m/02g901,/m/09x0r"
NQklJ9BEiLA,110,120,/m/02g901
NZRE5QEejRI,30,40,/m/02g901
NdQ3YB-nNxY,60,70,"/m/015lz1,/m/02g901,/m/04rlf,/m/09x0r,/t/dd00125"
NiZ3BRtazlg,510,520,"/m/02g901,/m/04rlf"
Nz1T9cgtR2A,110,120,"/m/02g901,/m/09x0r"
O3oNsVJewRw,30,40,"/m/02g901,/m/09x0r,/t/dd00125"
O6xh9ysXGN4,320,330,/m/02g901
ONJG7hCY4Vk,420,430,/m/02g901
OS-kL4p0XpI,80,90,"/m/02g901,/m/04rlf,/m/09x0r,/t/dd00125"
OTKqnxJkZL4,110,120,"/m/02g901,/t/dd00125"
OWfzvhz5n-8,190,200,/m/02g901
OWkIUtOJ860,210,220,"/m/02g901,/m/09x0r"
OWkdfoqTSa4,20,30,"/m/02g901,/m/09x0r,/t/dd00125"
Oef0SpAA0nk,70,80,"/m/02g901,/t/dd00125"
OggnKrdzaQw,110,120,/m/02g901
Owfp8K2Jukk,110,120,/m/02g901
Ox7nRO0Gvh4,420,430,"/m/02g901,/m/04rlf"
P2ydM2FOJzw,190,200,"/m/02g901,/m/09x0r,/m/0ytgt,/t/dd00125"
P45UUEVFWNg,30,40,/m/02g901
P4F1Dr6dA2A,30,40,"/m/02g901,/m/09x0r,/t/dd00125"
P6yWLEKCeh8,400,410,"/m/02g901,/m/09x0r,/t/dd00125"
PAaIc5Hc9u4,20,30,"/m/02g901,/m/0ytgt"
