--iSerV5DbY,120,130,/m/03wvsk
-YXWf0nvKGo,280,290,/m/03wvsk
-gwtWMPxA_k,210,220,/m/03wvsk
-jiUvGfGVt0,30,40,/m/03wvsk
-xnkwQhf86U,30,40,/m/03wvsk
17YM-uymYSA,30,40,/m/03wvsk
1LSw5UeBVQE,30,40,/m/03wvsk
1UZATIKQ-fA,70,80,/m/03wvsk
1dBMDnUTWvA,30,40,/m/03wvsk
20R0ZF3PCHE,450,460,/m/03wvsk
2DW5F1udTkw,550,560,/m/03wvsk
2mLa1Krw2P0,40,50,/m/03wvsk
2oX3IPHsEaI,80,90,/m/03wvsk
3Q5harUPTMs,310,320,/m/03wvsk
3YC0OEmn9xM,10,20,/m/03wvsk
3YQRjM-y9i0,310,320,/m/03wvsk
3xsVwGfAldU,290,300,/m/03wvsk
4-dCJBq8i0c,30,40,/m/03wvsk
429VShlhUy4,50,60,/m/03wvsk
4PPmyY_-YrA,30,40,/m/03wvsk
4bcypTdPdls,60,70,/m/03wvsk
59tpRgtz23M,30,40,/m/03wvsk
5OfGgKjcfdY,70,80,/m/03wvsk
5nUKZXH-uV0,410,420,/m/03wvsk
61O6wKUJ80g,10,20,/m/03wvsk
66UB-RPrscs,60,70,/m/03wvsk
6giaL5rUomI,60,70,/m/03wvsk
6qjrPTJHXJI,170,180,/m/03wvsk
6rvsf1HrVoE,150,160,/m/03wvsk
6t77_XK8aOU,360,370,/m/03wvsk
6wQYg-mLYOc,170,180,/m/03wvsk
7oNRF0WSqmQ,0,10,/m/03wvsk
828OMgoQoX4,290,300,/m/03wvsk
83deX4vIQEI,40,50,/m/03wvsk
848t09-osrg,80,90,/m/03wvsk
8RFpmDqVkQE,30,40,/m/03wvsk
8RwjefgeAzU,30,40,/m/03wvsk
8tQ8l62WfIY,110,120,/m/03wvsk
9A_7edbqsjI,580,590,/m/03wvsk
9EHvjlwO0oo,90,100,/m/03wvsk
9QmKOAfKRO4,30,40,/m/03wvsk
9kE7UFaUoDs,330,340,/m/03wvsk
9sXLgXBe0Xk,250,260,/m/03wvsk
ADJKQMho7Ds,30,40,/m/03wvsk
AWBa0Pk6mfo,280,290,/m/03wvsk
AWmsuKYnIxw,0,10,/m/03wvsk
AfA7v1QAJcY,100,110,/m/03wvsk
AvzZSq0G3qM,100,110,/m/03wvsk
BAT_TnpPvAc,110,120,/m/03wvsk
BRGiPlAFHEo,30,40,/m/03wvsk
BUNMtpNR8EM,460,470,/m/03wvsk
BcSySsCftdo,60,70,/m/03wvsk
Bcllc3fBi6I,360,370,/m/03wvsk
BrYuNRgCuFg,100,110,/m/03wvsk
BxJykBpBJ60,20,30,/m/03wvsk
C0GXtwtNMTI,30,40,/m/03wvsk
CLs6xqy-o3s,30,40,/m/03wvsk
CObWZSZHryo,30,40,/m/03wvsk
C_b9AsiH7BU,330,340,/m/03wvsk
D6z3ei5mGoQ,340,350,/m/03wvsk
DEQ7_4-qRSw,10,20,/m/03wvsk
DGUXuojDdJY,30,40,/m/03wvsk
DZVFtZYx1xo,50,60,/m/03wvsk
E30Ej7Sm5l0,220,230,/m/03wvsk
EVjTnqyaN4w,0,8,/m/03wvsk
EYp8-PRwLF0,70,80,/m/03wvsk
Ettzb17nWO4,20,30,/m/03wvsk
EzQXihq9YMk,170,180,/m/03wvsk
FEY4-LJyoRk,290,300,/m/03wvsk
FWpzEc_jN9c,90,100,/m/03wvsk
FfKqAhmfOXQ,30,40,/m/03wvsk
FfhAcwOhUUk,0,7,/m/03wvsk
Fgx8Kjxmnsg,230,240,/m/03wvsk
FhSvlyI5afE,20,30,/m/03wvsk
G5yoN6wnUhY,230,240,/m/03wvsk
G8B8EWWWSHI,360,370,/m/03wvsk
G9RZqEvgO2o,470,480,/m/03wvsk
GLj0d8gJwXg,120,130,/m/03wvsk
GcDHsx-wq9U,430,440,/m/03wvsk
Gs5QIBsD6bE,0,10,/m/03wvsk
Gw5ShKNyx0w,120,130,/m/03wvsk
HGOprPdGfSQ,520,530,/m/03wvsk
HbKbkTkvOL0,180,190,/m/03wvsk
Hjzxlhoib4M,260,270,/m/03wvsk
HzUQziubPn4,110,120,/m/03wvsk
IFbWNZM0uxA,24,34,/m/03wvsk
ILQ7FJvb-xY,50,60,/m/03wvsk
IgqE45mq7Js,30,40,/m/03wvsk
IkRJIyLyK1M,40,50,/m/03wvsk
IpHCNQumQes,16,26,/m/03wvsk
JEd962HWsSs,10,20,/m/03wvsk
JLIHfqneelE,50,60,/m/03wvsk
JPAYF14v3xk,50,60,/m/03wvsk
Jm3QUt-irJI,30,40,/m/03wvsk
KH8R9Z1R4-0,30,40,/m/03wvsk
KNq4f01hLTA,50,60,/m/03wvsk
KPZAbAfaQUw,0,10,/m/03wvsk
KV-Y6D3wTx0,0,10,/m/03wvsk
K_pq0G8RgPY,20,30,/m/03wvsk
L6NEotq9fo8,30,40,/m/03wvsk
LPAstblVYwA,250,260,/m/03wvsk
LeEdmSufjTo,7,17,/m/03wvsk
LhQkwh3YpkI,50,60,/m/03wvsk
LllWd48fJPA,30,40,/m/03wvsk
MM4cfvMOcWI,80,90,/m/03wvsk
MjsisF2iDEs,30,40,/m/03wvsk
N25wB32XuDk,320,330,/m/03wvsk
N3wJStZTvkk,10,20,/m/03wvsk
NG_pvCXUt8A,30,40,/m/03wvsk
OH7_e7uNUko,40,50,/m/03wvsk
P-hV5i6R4CY,280,290,/m/03wvsk
P0hl6gN7Q3Y,520,530,/m/03wvsk
P1K9nNQHoKg,180,190,/m/03wvsk
PBxwPmAYNgI,20,30,/m/03wvsk
