-5zL0Mj34XQ,30,40,/m/0fx9l
-BIROaHJB_k,130,140,"/m/09x0r,/m/0fx9l"
-G2h095Stww,70,80,/m/0fx9l
-H7CxSpB0vk,40,50,/m/0fx9l
-N-EFCC9Ci4,20,30,"/m/09x0r,/m/0fx9l"
-bvH8hc-Q7M,570,580,/m/0fx9l
-dGXEjrIaWY,30,40,/m/0fx9l
-gJgDY-fp0k,230,240,"/m/09x0r,/m/0fx9l,/t/dd00125"
-r7VrzrVL7E,30,40,/m/0fx9l
06AsjlgOmOk,0,10,"/m/068hy,/m/09x0r,/m/0fx9l,/m/0jbk"
07WnbbVz05o,26,36,/m/0fx9l
0F-oFbTtvRk,30,40,/m/0fx9l
0LCK3jrfVVE,30,40,"/m/04rlf,/m/0fx9l"
0QAGyQzx3hw,60,70,"/m/07yv9,/m/0fx9l"
0Vc3yafSuuA,30,40,/m/0fx9l
0X6Me6GxD6c,18,28,"/m/09x0r,/m/0fx9l"
0_5hyVaCHdI,30,40,/m/0fx9l
0gdLeO667TQ,10,20,/m/0fx9l
0gypKzyMPcc,520,530,"/m/09x0r,/m/0fx9l"
0j73LTSltJg,290,300,"/m/09x0r,/m/0fx9l"
0n0uEdu4q9w,30,40,/m/0fx9l
0ookTjV1ifM,360,370,/m/0fx9l
164t2YjUDyY,0,7,"/m/0d31p,/m/0fx9l"
16QlUcOOfkA,27,37,"/m/07pzfmf,/m/0fx9l"
17lx_TzahpE,50,60,"/m/0fx9l,/t/dd00125"
1BKxmt1z7pc,230,240,"/m/04rlf,/m/07qyrcz,/m/09x0r,/m/0fx9l"
1EIggxUK4VM,30,40,"/m/04rlf,/m/0fx9l"
1LxIIRnaCn8,30,40,"/m/09x0r,/m/0fx9l"
1NIe01TaGAU,30,40,"/m/07qwyj0,/m/0fx9l"
1PWVGOfY7zs,30,40,/m/0fx9l
1V1C_z_x4Os,30,40,/m/0fx9l
1bkViuvwnPY,0,10,"/m/09x0r,/m/0fx9l"
1bw_4Hv64UM,30,40,/m/0fx9l
2-QhXpRkQrg,0,10,/m/0fx9l
2FE_jViD-nc,30,40,"/m/09x0r,/m/0fx9l"
2LLlRGort_M,90,100,/m/0fx9l
2VNcO3o7d6Y,25,35,/m/0fx9l
2WHFXkAMm-I,5,15,/m/0fx9l
2X3ahBB38QY,30,40,/m/0fx9l
2X4zm4dR1Bs,20,30,"/m/02fs_r,/m/0fx9l"
2hpT22g9pv8,0,10,"/m/02fs_r,/m/09x0r,/m/0fx9l"
2jlh3TkFR04,30,40,/m/0fx9l
2kLN0ikslpg,30,40,/m/0fx9l
2kS3MK3T3pE,0,10,/m/0fx9l
2qWyZoTFp5M,30,40,"/m/04rlf,/m/09x0r,/m/0fx9l"
2vfQI2Yh78A,30,40,"/m/09x0r,/m/0fx9l"
2wJKlq8tyio,80,90,"/m/09x0r,/m/0fx9l"
2x938LNoV6Q,110,120,/m/0fx9l
30NNVWexnjs,30,40,"/m/09x0r,/m/0fx9l"
315z6NNxjsc,30,40,/m/0fx9l
38MBU6392aY,120,130,"/m/09x0r,/m/0fx9l"
3BBnrF_MCgU,110,120,/m/0fx9l
3I1caAtHQ2A,30,40,"/m/0d31p,/m/0fx9l"
3INSmRqeh4Q,7,17,/m/0fx9l
3LzPaslT5oc,260,270,"/m/0fx9l,/t/dd00125"
3MQ7Rfqhj-Y,30,40,/m/0fx9l
3N7lEdlA2_U,40,50,"/m/09x0r,/m/0fx9l"
3Q4BXiy1O4M,130,140,"/m/07cx4,/m/0fx9l"
3Ugb4qdnUkw,0,10,/m/0fx9l
3WyPy_xykTw,50,60,"/m/09x0r,/m/0fx9l"
3a8ho8xGIeg,20,30,"/m/09x0r,/m/0fx9l"
3huSXudBiXM,9,19,/m/0fx9l
3jV-twBdB98,30,40,/m/0fx9l
3o03Ik7xZWs,30,40,"/m/09x0r,/m/0fx9l"
3qrVku794u0,12,22,"/m/02fs_r,/m/09x0r,/m/0fx9l"
44QJNVKS_7Y,410,420,"/m/02fs_r,/m/0fx9l"
4A49hJYrK2U,30,40,"/m/09x0r,/m/0fx9l"
4RUexyh0FOQ,110,120,/m/0fx9l
4WQvUfQk6lE,20,30,"/m/09x0r,/m/0fx9l"
4aJX2PQ4j7Q,30,40,/m/0fx9l
4rmi3zoT3rI,16,26,/m/0fx9l
4z7PoYZqrYI,270,280,/m/0fx9l
53d9sc-jd_0,0,10,"/m/07qsvvw,/m/09x0r,/m/0fx9l,/t/dd00125"
55CZ7J0gGik,60,70,/m/0fx9l
57UOKgXTWZk,50,60,/m/0fx9l
5F1rX-raUMQ,330,340,/m/0fx9l
5JXWpehjLz8,50,60,"/m/09x0r,/m/0fx9l,/t/dd00125"
5P3hzQISfpw,50,60,/m/0fx9l
5Pi35X9lBjQ,250,260,"/m/0cj0r,/m/0fx9l"
5VoEduxPwFg,13,23,/m/0fx9l
5WFpqEM-NtM,29,39,/m/0fx9l
5Z8phG5tVsM,150,160,/m/0fx9l
5gDpb55zhPg,360,370,/m/0fx9l
5nbR21lcwq4,80,90,/m/0fx9l
5oOiPSOvbIs,340,350,"/m/07yv9,/m/0fx9l"
5sC_Rpvok04,30,40,"/m/09x0r,/m/0fx9l"
5t1snvblDPE,180,190,"/m/09x0r,/m/0fx9l"
5wteZ923piw,60,70,"/m/09x0r,/m/0fx9l"
6-nwtVksPUU,80,90,/m/0fx9l
6CbNuG9-oTQ,30,40,/m/0fx9l
6amZFVSwvqY,30,40,"/m/09x0r,/m/0fx9l"
6eUhUJaCrV0,0,10,"/m/09x0r,/m/0fx9l"
6fAM0Sah6VM,30,40,/m/0fx9l
6iuNxW3YBvo,10,20,/m/0fx9l
7BDcPgVr2oA,9,19,/m/0fx9l
7N8s3BWXT_0,420,430,/m/0fx9l
7NJ8Q39CToE,10,20,"/m/01bjv,/m/01h82_,/m/02mk9,/m/0fx9l"
7VQvSTk85yI,240,250,"/m/09x0r,/m/0fx9l"
7YF9DXr3lYQ,550,560,"/m/09x0r,/m/0fx9l"
7jDJiaVmG1M,90,100,"/m/09x0r,/m/0fx9l"
7npK_NCx_yc,30,40,/m/0fx9l
7t06YjWqrEM,10,20,"/m/09x0r,/m/0fx9l"
7u6KdSEmt9c,190,200,"/m/09x0r,/m/0fx9l"
7w8f7qSIa2U,30,40,"/m/09x0r,/m/0fx9l"
7xZ3_1Asc5s,210,220,"/m/09x0r,/m/0fx9l"
7zN45BXayIc,200,210,/m/0fx9l
7zSAxHcxgLg,40,50,/m/0fx9l
80nPyF9Fmq8,10,20,"/m/09x0r,/m/0fx9l"
8Bys2GT0vz8,30,40,/m/0fx9l
8EgSdHjyBS4,30,40,"/m/0dxrf,/m/0fx9l"
8RPfB-2gArs,24,34,"/m/09x0r,/m/0fx9l"
8UMs9GwSEFk,30,40,"/m/07jdr,/m/07yv9,/m/0c1dj,/m/0fx9l"
8b39RjlJ5pI,460,470,"/m/09x0r,/m/0fx9l"
8jcBwmu_zZE,40,50,"/m/01j3sz,/m/07rgt08,/m/09x0r,/m/0fx9l"
8mmnyPDQ4l0,0,10,"/m/04rlf,/m/0fx9l"
8sZpf2u_pew,40,50,/m/0fx9l
8xVCAfsSvKk,90,100,"/m/04rlf,/m/09x0r,/m/0fx9l"
92Fmfhp1k48,29,39,/m/0fx9l
9L1FE8ldbVc,110,120,/m/0fx9l
9Mp7UJRd76g,0,10,/m/0fx9l
9Og8wZkIMvk,30,40,/m/0fx9l
9RbIpxpyyRo,50,60,/m/0fx9l
9lZhUHB6UN8,370,380,/m/0fx9l
A9AQIhwfUYI,30,40,"/m/01s0vc,/m/04rlf,/m/09x0r,/m/0fx9l"
AFCd6D03t70,30,40,/m/0fx9l
AK18_j4F810,120,130,/m/0fx9l
AKwSWlceVRM,30,40,"/m/019jd,/m/02rlv9,/m/07yv9,/m/09x0r,/m/0fx9l,/m/0hsrw"
AO_AG5nH1Xk,30,40,/m/0fx9l
AQJugXSf7wA,30,40,/m/0fx9l
ARtiIrrzydA,30,40,/m/0fx9l
ATQ6P_5QmDY,30,40,"/m/09x0r,/m/0fx9l"
AUTN4LA8bZE,290,300,"/m/09x0r,/m/0fx9l"
AYSUg-frPIs,60,70,/m/0fx9l
AdW3lA7KDmo,90,100,"/m/09x0r,/m/0fx9l"
Af57Scjg61M,380,390,"/m/09x0r,/m/0fx9l"
AkFNr9kpeO4,30,40,/m/0fx9l
AmLYd5f8dhQ,160,170,/m/0fx9l
An5c_-tB7G0,180,190,/m/0fx9l
Aq75V6XW7TY,30,40,/m/0fx9l
Auep26VfpCI,210,220,"/m/09x0r,/m/0fx9l"
Avq3EMOG5Hg,170,180,/m/0fx9l
B1Mq9NJE3e0,70,80,"/m/09x0r,/m/0fx9l"
BCPZTQfYfOU,150,160,"/m/07yv9,/m/0fx9l,/m/0k4j"
BHhRVFYOu5g,30,40,/m/0fx9l
BHkB5VvHcYE,10,20,/m/0fx9l
BJPos1Tmi1M,30,40,/m/0fx9l
BMsEojhIHgQ,60,70,"/m/09x0r,/m/0fx9l"
BP5j4zk7Y2s,30,40,"/m/09x0r,/m/0fx9l"
BSJF0SK1BKU,460,470,"/m/083vt,/m/09x0r,/m/0fx9l"
BUw_5PfexWs,30,40,"/m/09x0r,/m/0fx9l"
B_RosXwjPyY,30,40,/m/0fx9l
Be3FxreTGxw,25,35,"/m/09x0r,/m/0fx9l"
BepaGwiiNps,30,40,/m/0fx9l
BgMMbz6zDzc,30,40,"/m/01j3sz,/m/09x0r,/m/0fx9l,/m/0ytgt"
BhbGv4oscbc,30,40,"/m/09x0r,/m/0fx9l"
BhglKGMiv6E,60,70,"/m/09x0r,/m/0fx9l"
BnUyURKkVao,50,60,"/m/09x0r,/m/0fx9l"
BngkkFhWgmA,30,40,/m/0fx9l
BqV55IkJ-Ic,18,28,"/m/09x0r,/m/0fx9l"
BsVT00T4rGo,30,40,"/m/09x0r,/m/0fx9l"
BxNQdRqxSbc,200,210,/m/0fx9l
BxTPIpbcEWg,30,40,"/m/07pyf11,/m/0fx9l"
C2tPKMqu6Vw,120,130,/m/0fx9l
C9e9nMZn5CY,19,29,/m/0fx9l
CDtfbYcnX5Q,25,35,"/m/09x0r,/m/0fx9l"
CGPxaXQVd_U,30,40,"/m/0chx_,/m/0fx9l"
CU1_35hy_Is,40,50,/m/0fx9l
Cb5w1J85t-8,60,70,"/m/09x0r,/m/0fx9l"
ClW42cVz5ww,30,40,"/m/09x0r,/m/0fx9l"
D-opz0mt20w,40,50,"/m/09x0r,/m/0fx9l"
D2wiTi_mXS8,7,17,"/m/09x0r,/m/0fx9l"
D7JRJKvt-e8,30,40,"/m/09x0r,/m/0fx9l"
D7oZUMzaLCo,170,180,/m/0fx9l
DBd7Zdx-Kcc,90,100,/m/0fx9l
DJ1LFoV_YRc,60,70,"/m/07yv9,/m/0cmf2,/m/0fx9l,/m/0k5j,/t/dd00129"
DOfYZOk9diE,30,40,"/m/09x0r,/m/0fx9l"
DU7S3QkZxqs,10,20,/m/0fx9l
DVnvci2ozUU,80,90,"/m/09x0r,/m/0fx9l"
DhUFGlYyG1c,20,30,/m/0fx9l
DjCyug1SeVQ,30,40,/m/0fx9l
DoueBObvzhY,8,18,/m/0fx9l
DrVpiN_Pds4,30,40,/m/0fx9l
DxYSUHBLw9w,28,38,/m/0fx9l
E3vVuA0Fm1s,2,12,/m/0fx9l
ECqSnYQYltU,0,10,"/m/07yv9,/m/09x0r,/m/0fx9l,/m/0k4j"
EEkbnN_K4vw,130,140,"/m/0fx9l,/m/0k4j"
EGZ27MVsx_k,120,130,"/m/04rlf,/m/09x0r,/m/0fx9l"
EL9t8-zO63k,130,140,/m/0fx9l
ELeQyS9AOUY,30,40,/m/0fx9l
ENKmzH-jmuY,0,10,/m/0fx9l
ENNhq2_gpJg,30,40,/m/0fx9l
EOJJbG64wlQ,30,40,"/m/09x0r,/m/0fx9l"
EOYxC4gau9Y,23,33,/m/0fx9l
E_EsZliDv_Q,90,100,/m/0fx9l
Ea0lDhOu6Kw,30,40,"/m/09x0r,/m/0fx9l"
Ec6G3uUfKbA,50,60,/m/0fx9l
EkdT4vrNVSo,160,170,"/m/09x0r,/m/0fx9l,/t/dd00125"
ElnlOD-2CAQ,150,160,/m/0fx9l
En8gCgs_pZ0,20,30,"/m/09x0r,/m/0fx9l"
En9ApTDwqUM,0,10,"/m/09x0r,/m/0fx9l"
EoRbml_QZCY,30,40,/m/0fx9l
EuUMYXzTZWM,30,40,/m/0fx9l
F2mq0tJy1ZU,30,40,/m/0fx9l
F54WM4oAB5k,29,39,/m/0fx9l
F5UDlNQgByo,30,40,"/m/09x0r,/m/0fx9l"
F7JizWJPv5M,50,60,"/m/09x0r,/m/0fx9l"
FAnm1z_gZwg,30,40,/m/0fx9l
FDm7mnYj7M8,12,22,/m/0fx9l
FJIOfyPn_VA,14,24,/m/0fx9l
FOYN2-IfIII,70,80,/m/0fx9l
FSwvIhUnEGQ,0,10,"/m/09x0r,/m/0fx9l"
FoMuLUX3Y2g,28,38,/m/0fx9l
FowGIKRJvQI,1,11,"/m/04rlf,/m/0fx9l"
FtX-xrFaWQI,100,110,"/m/09x0r,/m/0fx9l"
G-XhFt6HjuE,360,370,"/m/09x0r,/m/0fx9l"
G3oQc5DBgvg,30,40,"/m/09x0r,/m/0fx9l"
G5RwQW-W6y4,120,130,/m/0fx9l
GI37FAF9zAE,14,24,/m/0fx9l
GK2LYgVG1RY,110,120,/m/0fx9l
GP0_qf7OjsI,40,50,"/m/09x0r,/m/0fx9l"
GQJIcGVTgMY,10,20,"/m/09x0r,/m/0fx9l"
GUUleulZwlI,100,110,/m/0fx9l
GcFloObwgLw,70,80,"/m/09x0r,/m/0fx9l"
GcX4lVez0Sk,30,40,/m/0fx9l
GcpOAZqKMBg,90,100,"/m/09x0r,/m/0fx9l"
GfPsz-VlN38,520,530,"/m/0fx9l,/m/0k4j"
GpHCRHmFZ5g,80,90,"/m/09x0r,/m/0fx9l"
GptSMWadHJA,20,30,"/m/04brg2,/m/09x0r,/m/0fx9l"
Gr5Z6T8gYsc,250,260,"/m/09x0r,/m/0fx9l"
GsgPMaG27W4,20,30,/m/0fx9l
GwjHMP-5ldE,260,270,/m/0fx9l
H0OysdyNDcE,21,31,/m/0fx9l
HCBbB1hO7Ls,30,40,"/m/09x0r,/m/0fx9l"
HEPP1UTkFQQ,190,200,/m/0fx9l
HNcTT9251C0,80,90,"/m/04rlf,/m/0fx9l"
HNgYUYEekiY,30,40,/m/0fx9l
HPH5WMmL-OY,30,40,/m/0fx9l
HUykGPFw5-c,0,10,"/m/09x0r,/m/0fx9l"
HYzxRqX4Rj4,30,40,"/m/09x0r,/m/0fx9l"
HeMePblaWfw,28,38,"/m/09x0r,/m/0fx9l"
HklXiLObQ5Y,0,10,/m/0fx9l
HlLyk76JYRo,10,20,"/m/09x0r,/m/0fx9l,/t/dd00126"
HoloxdG6h3M,90,100,"/m/07yv9,/m/0fx9l"
HsHJHrQEG2I,80,90,"/m/09x0r,/m/0fx9l"
Huzk0XRfPCk,310,320,"/m/09x0r,/m/0fx9l"
HwJEFhUWObI,10,20,"/m/09x0r,/m/0fx9l"
I32kt-41Ye8,0,10,"/m/09x0r,/m/0fx9l"
I3I6Sit1LH8,30,40,/m/0fx9l
I3f7jB5AgV4,30,40,/m/0fx9l
IFgd4nSeLqI,90,100,/m/0fx9l
IGTeMXHCT-Y,120,130,/m/0fx9l
ILPHyiigy_E,30,40,/m/0fx9l
IPDjc2YdT-0,6,16,/m/0fx9l
IWwWV_ivlj4,30,40,/m/0fx9l
IZmsY43Hnb8,55,65,/m/0fx9l
Iatv5LoXaeI,300,310,"/m/02fs_r,/m/046dlr,/m/0fx9l,/t/dd00125"
IhDvWThYRCk,14,24,/m/0fx9l
IlIIbdZKrKg,40,50,/m/0fx9l
Io9iV78Qgos,120,130,"/m/04rlf,/m/09x0r,/m/0fx9l"
IrUqR0LO7k8,20,30,/m/0fx9l
J6TaLQXK_v4,320,330,"/m/09x0r,/m/0fx9l"
J72bzS2HXJ8,0,8,/m/0fx9l
JBTOThxMRic,130,140,"/m/0fx9l,/t/dd00125"
JC0ehfA2xzc,40,50,/m/0fx9l
JJ1nHBvwD3k,30,40,/m/0fx9l
JTYJNSMi8jE,20,30,/m/0fx9l
JYAqZNgkFmM,0,10,"/m/09x0r,/m/0fx9l"
JbJ4hkGYUXc,20,30,"/m/09x0r,/m/0fx9l,/t/dd00125"
JeYmUOdJexo,80,90,/m/0fx9l
Jlgs2oSK8tQ,10,20,"/m/07yv9,/m/0fx9l"
JrwUIn8eR8k,30,40,"/m/09x0r,/m/0fx9l"
JuNmHevKKfo,130,140,"/m/09x0r,/m/0fx9l"
K0Oye_wfS70,10,20,/m/0fx9l
KEF0DlQy6LU,80,90,/m/0fx9l
KHss6DZMdew,30,40,/m/0fx9l
KKUELaJpNZo,18,28,/m/0fx9l
KM_eac8TyOs,30,40,/m/0fx9l
KR23U_boGlI,290,300,"/m/09x0r,/m/0fx9l"
KjCt0S4qvQw,60,70,/m/0fx9l
KmRnVukGA0k,150,160,/m/0fx9l
KrWKN8RD_7w,60,70,"/m/07yv9,/m/0fx9l,/m/0k4j"
KsFxYlNze9I,30,40,/m/0fx9l
L3BVRLGI38c,30,40,"/m/07pyf11,/m/09x0r,/m/0c1dj,/m/0fx9l"
LB3lUjWusE8,30,40,/m/0fx9l
LE-hI7toUgA,5,15,"/m/09x0r,/m/0fx9l"
LgiQPIpaicI,30,40,"/m/09x0r,/m/0fx9l"
LjsHfivdRXA,30,40,/m/0fx9l
M8hGF2AV-G4,370,380,/m/0fx9l
MAi4nKCWsh4,30,40,"/m/09x0r,/m/0dxrf,/m/0fx9l"
MQZfeNyxhzQ,30,40,/m/0fx9l
MeOxRGaws04,30,40,"/m/04rlf,/m/0fx9l"
MiDR2An4MN8,10,20,"/m/09x0r,/m/0fx9l,/t/dd00125"
MsOWQIAc-dk,18,28,"/m/04rlf,/m/0fx9l"
Mu2ygWKmpxo,140,150,/m/0fx9l
Mw39Wf9tKE4,22,32,"/m/07pyf11,/m/0fx9l"
N1l_hmMWQRE,20,30,"/m/09x0r,/m/0fx9l"
N3JixTvfgnM,40,50,/m/0fx9l
NL3wE5p_ZL0,35,45,/m/0fx9l
NOlgMhwEc_c,0,10,/m/0fx9l
NPVpeanTJ6I,180,190,"/m/0fx9l,/t/dd00125"
NkYotwSQNBI,340,350,"/m/09x0r,/m/0fx9l"
NngpwfuFVug,100,110,/m/0fx9l
NpwWNebdWcY,30,40,/m/0fx9l
NvrxnKljSmc,10,20,/m/0fx9l
O2rzObk2Mwo,150,160,"/m/02fs_r,/m/09x0r,/m/0fx9l"
OB7pPee45i4,30,40,"/m/04brg2,/m/09x0r,/m/0fx9l"
OGRxucs06r8,280,290,"/m/09x0r,/m/0fx9l"
OI9OHfrcdTQ,10,20,/m/0fx9l
OJrBFNtTyIY,30,40,"/m/09x0r,/m/0fx9l"
ORmBSVICl3g,30,40,/m/0fx9l
ORsDtWZ9rZM,210,220,"/m/04rlf,/m/09x0r,/m/0fx9l"
OcwTq-yhK7M,160,170,/m/0fx9l
Ok3byOaHGlc,340,350,"/m/04rlf,/m/09x0r,/m/0fx9l"
Omzc9w_x8mE,120,130,"/m/09x0r,/m/0fx9l"
OoTCS4JQAPE,14,24,/m/0fx9l
OqeWfIOrwXI,40,50,/m/0fx9l
OtA7ez85yP8,20,30,"/m/02fs_r,/m/09x0r,/m/0fx9l"
P2En14Ln9v4,230,240,"/m/0fx9l,/t/dd00125"
P2LNT32xTz8,30,40,/m/0fx9l
P2s0Kf2EYlA,390,400,"/m/09x0r,/m/0fx9l"
P6CvT7Noud4,30,40,"/m/09x0r,/m/0fx9l"
P6LIYvUScmg,70,80,/m/0fx9l
