-0X1juZHG6I,30,40,/m/01jt3m
-2C9ZpNhIvg,20,30,/m/01jt3m
-2FVPRdbLdA,10,20,"/m/01jt3m,/m/0838f"
-8Nvvo3qM-A,30,40,/m/01jt3m
-8ju6V8B5Oc,40,50,"/m/01jt3m,/m/0838f"
-BZ6I5i_kW4,0,10,"/m/01jt3m,/m/0838f"
-EFu7tP-QEk,30,40,/m/01jt3m
-F6GfPwjLWo,30,40,/m/01jt3m
-HmpSQ-yFFc,0,10,"/m/01jt3m,/m/09x0r"
-KrDQXnlXRw,10,20,/m/01jt3m
-LnYUCuNUuI,20,30,"/m/01jt3m,/m/09x0r"
-NW2pPAToFM,0,10,/m/01jt3m
-QEfN8wMTnE,30,40,"/m/01jt3m,/m/0838f"
-QkPyszO1Ow,540,550,"/m/01jt3m,/m/0838f"
-W46mgzmfk0,20,30,"/m/01jt3m,/m/0838f"
-Y6gQUMqhhs,30,40,"/m/01jt3m,/m/0838f"
-YkIP4iqElA,10,20,/m/01jt3m
-aI2lItV7zE,100,110,"/m/01jt3m,/m/0838f"
-dX5RtfumBA,220,230,"/m/01jt3m,/m/0838f"
-dusYvma9cE,130,140,/m/01jt3m
-e18zU2EPSE,60,70,"/m/01jt3m,/m/0838f"
-fC8_UodWjA,40,50,"/m/01jt3m,/m/04rlf"
-nWUVq5s7cM,30,40,"/m/01jt3m,/m/04k94"
-p2OLeevNRU,220,230,/m/01jt3m
-vEehAR7CTo,130,140,"/m/01jt3m,/m/0838f"
-wbBEeAqwWs,240,250,"/m/01jt3m,/m/09x0r"
-wyF3xGM95g,10,20,"/m/01jt3m,/m/04rlf"
-ygqz4jLcsk,0,10,/m/01jt3m
00VX0MgJ5Vk,120,130,/m/01jt3m
04zOu5UFyo0,20,30,"/m/01jt3m,/m/04rlf,/m/09x0r"
0AkjDhg9u24,30,40,"/m/01jt3m,/m/0838f"
0BfmMYay1Ww,30,40,"/m/01jt3m,/m/09x0r"
0FXHXCu1lJY,200,210,"/m/01jt3m,/m/04rlf,/t/dd00125"
0HWIjjmpVtY,70,80,"/m/01jt3m,/m/0838f"
0JaJdfEOar0,280,290,"/m/01jt3m,/m/0838f"
0NREcrTZMU0,30,40,"/m/01jt3m,/t/dd00125"
0OnPISPrITA,30,40,/m/01jt3m
0Opn_vz6sf4,10,20,"/m/01jt3m,/m/04rlf"
0PcvfVZo9e4,10,20,"/m/01jt3m,/m/0838f"
0U6b1Vnj3G0,40,50,/m/01jt3m
0UjmiLcmMa8,20,30,"/m/01jt3m,/m/0838f"
0VcpwWEgHc4,12,22,"/m/01jt3m,/m/09x0r"
0WWUv4-u6cA,0,10,"/m/01jt3m,/m/0838f"
0ZVdHyRbCCo,40,50,"/m/01jt3m,/m/0838f"
0_WMZB4Xc5o,30,40,/m/01jt3m
0aZ3vvM4V34,10,20,"/m/01jt3m,/m/0838f"
0eh_N-cmcuI,350,360,"/m/01jt3m,/m/04k94,/m/09x0r"
0fr57nOHOEU,40,50,/m/01jt3m
0gKyoOENUBM,70,80,/m/01jt3m
0iSQ-tdp1mo,40,50,/m/01jt3m
0iXJOAHwsYg,10,20,"/m/01jt3m,/m/0838f"
0j9aw8s6s1s,40,50,"/m/01jt3m,/m/0838f"
0lqGcL0-uVA,10,20,"/m/01jt3m,/m/07p7b8y"
0mj46Xhzx1Y,10,20,"/m/01jt3m,/m/0838f"
0plDocPM9Ig,80,90,"/m/01jt3m,/m/0838f"
0pog2KWcd9c,10,20,"/m/01jt3m,/m/0838f"
0sYcEVTfF2E,0,10,"/m/01jt3m,/m/0838f"
0sYmaoAExRg,330,340,"/m/01jt3m,/m/0838f,/m/09x0r"
0suFvKAWJnU,10,20,"/m/01jt3m,/m/0838f"
0uIe4dKUC1s,50,60,"/m/01jt3m,/m/0838f"
0um2ui52eyo,60,70,/m/01jt3m
0xdJWDNLZrE,290,300,/m/01jt3m
0xh0x5wL_lg,70,80,"/m/01jt3m,/m/0838f"
0z5TRiOKlX4,20,30,"/m/01jt3m,/m/0838f"
10-BgjqSoaE,80,90,"/m/01jt3m,/m/0838f"
12ayBenU79I,540,550,"/m/01jt3m,/m/09x0r,/t/dd00126"
13AbnrWanPk,20,30,"/m/01jt3m,/m/0838f"
13YvwUoLde8,10,20,/m/01jt3m
165AVh_q4iw,80,90,"/m/01jt3m,/m/0838f"
16b9HjgnmrY,40,50,/m/01jt3m
17BnUuWiMbU,100,110,/m/01jt3m
18-ffRBe48A,20,30,/m/01jt3m
19PS9dyGe64,100,110,"/m/01jt3m,/m/0838f"
1AfCMvhZJVY,40,50,"/m/01jt3m,/m/0838f"
1BEpOomjdIU,0,10,"/m/01jt3m,/m/04rlf,/m/09x0r"
1BeiD534Whs,10,20,"/m/01jt3m,/m/09x0r"
1IgfQE4GT1Q,20,30,/m/01jt3m
1JTGDu02Rfk,10,20,"/m/01jt3m,/m/0838f"
1Jy-KIehvug,0,10,/m/01jt3m
1KIe0RHyx6k,0,10,/m/01jt3m
1MVaKAT_L2o,0,10,"/m/01jt3m,/m/04rlf,/t/dd00125"
1MYIYf82ZnM,30,40,"/m/01jt3m,/m/07r5v4s,/m/0838f,/t/dd00125"
1NbkO1auM1U,0,10,"/m/01jt3m,/m/0838f"
1PLtmuFO66E,150,160,/m/01jt3m
1PX9T5VzAQw,20,30,"/m/01jt3m,/m/0838f"
1Tb7c70fJBs,10,20,"/m/01jt3m,/m/0838f"
1V4NpKTUooo,70,80,"/m/01jt3m,/m/09x0r"
1YPjs1CTY2E,0,10,/m/01jt3m
1ZL1yUitzWI,30,40,/m/01jt3m
1aNLeVBB9RQ,0,10,/m/01jt3m
1bPtEqPp1ZI,20,30,"/m/01jt3m,/m/0838f"
1deq0hecAUE,280,290,"/m/01jt3m,/m/04k94"
1eKHjwycI5o,0,10,/m/01jt3m
1ekAFZ9NAb4,30,40,"/m/01jt3m,/m/0838f"
1emAlYW4QDA,20,30,"/m/01jt3m,/t/dd00125"
1hnLcaOlFks,90,100,"/m/01jt3m,/m/04rlf"
1jdQB61ipSY,30,40,"/m/01jt3m,/m/0838f"
1qloKsIshy4,150,160,"/m/01jt3m,/m/0838f"
1rU8qE3JUMU,10,20,/m/01jt3m
1rq1I--vGwo,220,230,"/m/01jt3m,/m/0838f"
1sGbBTYBxDg,20,30,/m/01jt3m
1sTktH04-fw,40,50,"/m/01jt3m,/m/0838f"
1vuonJq7Qt0,30,40,"/m/01jt3m,/m/02jz0l"
20nyHEh2HW0,30,40,/m/01jt3m
20uw0iDImkk,60,70,"/m/01jt3m,/m/07qnq_y"
26-HMlPhve4,20,30,/m/01jt3m
27OJnL93_xc,270,280,/m/01jt3m
27tTKJuekQc,0,10,"/m/01jt3m,/m/09x0r"
2BwiNhqCOFg,160,170,"/m/01jt3m,/m/0838f"
2CJmpimozlY,30,40,/m/01jt3m
2ErfX6ZT5pM,0,10,/m/01jt3m
2FCyZ0OyWVM,50,60,/m/01jt3m
2IxkjMrJxng,50,60,"/m/01jt3m,/t/dd00125"
2MOf0CdgxKE,120,130,/m/01jt3m
2NP0fuxn-Q8,0,9,/m/01jt3m
2QETzhkbY6E,17,27,/m/01jt3m
2QTH4_WQlgg,0,10,/m/01jt3m
2T4irxX9lGs,60,70,"/m/01jt3m,/m/09x0r"
2UbLJkGu1yw,20,30,"/m/0130jx,/m/01jt3m,/m/09x0r,/t/dd00125"
2YRfPCbROkw,0,10,"/m/01jt3m,/m/0838f"
2YrIIOchjLQ,100,110,"/m/01jt3m,/m/0838f"
2cBdAvV0_zs,80,90,/m/01jt3m
2cli1cg7SSA,240,250,"/m/01jt3m,/m/0838f"
2d7dwiGchrg,10,20,/m/01jt3m
2hJBV9mb1CA,20,30,"/m/01jt3m,/m/0838f"
2hv4oBig0x4,18,28,"/m/01jt3m,/m/07pggtn"
2jAVRDkz42M,20,30,/m/01jt3m
2k0odEpLIkc,20,30,/m/01jt3m
2lqrsuv0yFs,240,250,"/m/01jt3m,/m/0838f"
2n4qR03SjnY,10,20,"/m/01jt3m,/m/0838f"
2rbGcfo-k_Q,0,10,"/m/01jt3m,/m/04rlf"
2tLgG0hmUpU,10,20,"/m/01jt3m,/m/04k94"
2zGw5RW79xI,30,40,"/m/01jt3m,/m/09x0r"
3-0K2zuTwl4,10,20,/m/01jt3m
329OXJ9r0q8,30,40,/m/01jt3m
340EYwluUio,50,60,"/m/01jt3m,/m/0838f"
34E3BeKVoIs,30,40,"/m/01jt3m,/m/09x0r"
34lfAybTXD8,0,10,/m/01jt3m
35v2nzjXNNg,50,60,"/m/01jt3m,/m/07p7b8y"
3CGHvxFDc3Q,30,40,"/m/01jt3m,/m/0838f"
3FOae1V1-Xg,10,20,"/m/01jt3m,/m/09x0r"
3FrK3RhGFGc,10,20,/m/01jt3m
3FtIudGgafQ,30,40,"/m/01jt3m,/m/0838f"
3NWTOn8uhy4,30,40,"/m/01jt3m,/m/0838f"
3OBX7R7QzgY,20,30,"/m/01jt3m,/m/0838f"
3OYHNeg-UNI,340,350,"/m/01jt3m,/m/04k94,/m/0838f"
3P-wkugs3s4,40,50,"/m/01jt3m,/m/0838f"
3RaZ_DvJEsM,0,10,"/m/01jt3m,/m/04rlf"
3XZcJfZsVhA,20,30,"/m/01jt3m,/m/09x0r,/t/dd00125"
3YGtfWG_KT8,110,120,"/m/01jt3m,/m/0838f"
3YkprzaH6Fc,20,30,/m/01jt3m
3drnEnI8bls,10,20,"/m/01jt3m,/m/0838f"
3fLlgNDZjLo,10,20,"/m/01jt3m,/m/04k94,/m/0838f"
3jDkI9JjYuQ,0,10,/m/01jt3m
3lw0xavwWGE,20,30,"/m/01jt3m,/m/0838f"
3mPPyrXA60o,0,10,/m/01jt3m
3pc-_xaVLik,30,40,"/m/01jt3m,/m/0838f"
3rzg4ObzNL0,0,10,"/m/01jt3m,/m/09x0r"
3slY8qx8ZeI,30,40,"/m/01jt3m,/m/0838f"
3xDZ-kdGE3o,10,20,"/m/01jt3m,/m/0838f"
3yxrcjvnQSQ,30,40,/m/01jt3m
410wb_BB3Dw,40,50,"/m/01jt3m,/m/09x0r"
462mYhjswJo,30,40,/m/01jt3m
46UxneRS0Vw,20,30,"/m/01jt3m,/m/0838f"
48VL2d-B8qU,20,30,"/m/01jt3m,/m/09x0r"
4CszE2N1TGw,0,10,/m/01jt3m
4FKiMKwa_4A,120,130,"/m/01jt3m,/m/09x0r"
4GqZD3eNvIs,30,40,/m/01jt3m
4IF49XmNCaw,50,60,/m/01jt3m
4Lg847Wx8xc,80,90,"/m/01jt3m,/m/0838f"
4MILPH5z3no,30,40,"/m/01jt3m,/t/dd00125"
4NHy8ARu1cc,60,70,"/m/01jt3m,/m/09x0r"
4NZCBEZbIDA,10,20,"/m/01jt3m,/m/07swgks,/m/0838f"
4PIwHyKzgzI,30,40,"/m/01jt3m,/m/0c1dj"
4QooMd6--J4,40,50,"/m/01jt3m,/m/09x0r"
4QpJD_exirE,10,20,"/m/01jt3m,/m/0838f"
4RVq4HHDSF8,70,80,"/m/01jt3m,/m/0838f"
4SIuuAQ3YLk,40,50,"/m/01jt3m,/m/0838f"
4U2-ZMKWgD0,380,390,"/m/01jt3m,/m/0838f"
4U9CtLJhpsQ,20,30,/m/01jt3m
4V-SDKbD6es,110,120,"/m/01jt3m,/m/09x0r,/t/dd00125"
4bDk1x5CMrs,190,200,/m/01jt3m
4dsfwZy5kn8,30,40,"/m/01jt3m,/m/09x0r"
4gaviW9QzY4,10,20,/m/01jt3m
4jy9zf1bIYc,90,100,"/m/01jt3m,/m/07p7b8y"
4ltnOsbLIJI,40,50,"/m/01jt3m,/m/0838f"
4nN9QuT_OJM,20,30,/m/01jt3m
4pgGIwd2wto,20,30,"/m/01jt3m,/m/09x0r"
4psMVnfOCIs,20,30,/m/01jt3m
4r8uFqPOpqU,0,10,/m/01jt3m
4roVb2megJg,180,190,"/m/01jt3m,/m/04rlf"
4tbUkiGEoqY,10,20,"/m/01jt3m,/m/04rlf,/m/09x0r"
4tj_DVfp0ME,10,20,"/m/01jt3m,/m/0838f"
4uRizWpSXAc,30,40,"/m/01jt3m,/m/0838f"
4ur5pqQkYGU,30,40,/m/01jt3m
4yfjPSziK9o,70,80,"/m/01jt3m,/m/0838f"
4yiwdZ3LsN4,60,70,/m/01jt3m
4z2LSoUlWYk,180,190,"/m/01jt3m,/m/0838f"
5-AIETMDRaI,10,20,/m/01jt3m
52l9n3JCtSk,60,70,"/m/01jt3m,/m/04k94"
53jtALXeS7U,40,50,"/m/01jt3m,/m/0838f"
53ktQBZmxUM,0,10,"/m/01jt3m,/m/0838f"
58f0fFt0y4o,30,40,/m/01jt3m
59UL9Up9a3o,90,100,/m/01jt3m
59oDk6IRkB8,10,20,"/m/01jt3m,/m/0838f"
5EcrQhp7We0,40,50,/m/01jt3m
5EzA0a15gDM,10,20,"/m/01jt3m,/m/0838f,/t/dd00125"
5H2_L6CEkW0,20,30,/m/01jt3m
5H6OZJ71DHo,0,10,/m/01jt3m
5MB5gjMb1oo,240,250,/m/01jt3m
5MXhhFv6AMo,70,80,/m/01jt3m
5Mq4fO0ceTk,280,290,/m/01jt3m
5S6J-aM-BAU,70,80,/m/01jt3m
5TxbaYT-o_s,10,20,/m/01jt3m
5UhruQpf9Rs,0,10,"/m/01jt3m,/m/07pqc89,/m/0838f,/m/09x0r"
5X8F5Sthk4Q,80,90,"/m/01jt3m,/m/0838f"
5Xi_j-8fpnA,190,200,"/m/01jt3m,/m/0838f"
5YXKWYlR2ac,50,60,/m/01jt3m
5bIuMNKRpTk,10,20,/m/01jt3m
5cRwwBaGtTA,110,120,/m/01jt3m
5flo2Xxbb3U,10,20,"/m/01jt3m,/m/07ppn3j"
5n_V4gu8Fu8,90,100,/m/01jt3m
5np7Xh2bVH4,0,10,/m/01jt3m
5oyi3Y7pSI8,50,60,"/m/01jt3m,/m/0838f"
5sIOnfRVkAs,120,130,"/m/01jt3m,/m/0838f"
5sJchly9MHM,30,40,"/m/01jt3m,/m/0838f"
5skx43EGXoI,0,9,"/m/01jt3m,/m/04k94,/m/0838f"
6-Ok_3WzP5k,30,40,/m/01jt3m
6-VpJy2Jeec,40,50,"/m/01jt3m,/m/0838f"
64coFYUI4f0,180,190,"/m/01jt3m,/m/09x0r"
66zG4Om2Ttw,0,8,/m/01jt3m
67BsqRkh-dU,10,20,"/m/01jt3m,/m/0838f"
67GyakZWaFk,0,10,"/m/01jt3m,/m/0838f"
6ExErkijGaA,20,30,/m/01jt3m
6F-1DUQjoGY,220,230,"/m/01jt3m,/m/0838f"
6Fc6-GVxFcU,450,460,"/m/01jt3m,/m/0838f"
6Hn3kQwWeBI,50,60,"/m/01jt3m,/m/0838f"
6IIDZWPcSd8,0,10,"/m/01jt3m,/m/09x0r"
6L6A0CxinL8,10,20,"/m/01jt3m,/m/0838f"
6MBc6UrEv5Y,0,10,/m/01jt3m
6MGkrvH8Ntc,10,20,/m/01jt3m
6Mp8W4JTyNs,0,10,"/m/01jt3m,/m/0838f"
6O-2-LU4V1w,10,20,"/m/01jt3m,/m/0838f"
6OTNz254tQw,70,80,"/m/01jt3m,/m/0838f"
6OyU42uWOo0,30,40,"/m/01jt3m,/m/0838f"
6U7HcpVhQ1A,0,10,"/m/01jt3m,/m/0838f"
6YKWV3Hcsp8,10,20,/m/01jt3m
6_bn57HGY20,60,70,"/m/01jt3m,/m/0838f"
6fUn9gGkTIo,10,20,"/m/01jt3m,/m/09x0r"
6fcdYBdZ7qg,60,70,"/m/01jt3m,/m/04k94,/m/0838f"
6gbLFPKcV4A,570,580,/m/01jt3m
6gtQ1amk3sk,10,20,"/m/01jt3m,/m/0838f"
6iK8csUljY8,30,40,"/m/01jt3m,/m/0838f"
6iZ5R_J9wKI,30,40,/m/01jt3m
6kgP5UmqtRs,10,20,/m/01jt3m
6lor4r7k4As,20,30,/m/01jt3m
6lx6VS1Q8oI,0,10,"/m/01jt3m,/m/0838f"
6meS1cIAK6I,70,80,"/m/01jt3m,/m/04k94,/m/04rlf"
6mzqYl0UccI,10,20,"/m/01jt3m,/m/0838f"
6oyiBQIKbG0,160,170,/m/01jt3m
6qgdHdxc5GY,10,20,/m/01jt3m
6uay86VYVY0,0,10,/m/01jt3m
6xvVsI3_GFk,70,80,"/m/01jt3m,/m/0838f"
6zEEKhblEN8,570,580,"/m/01jt3m,/m/09x0r,/t/dd00125"
706Lzd73Ib4,50,60,"/m/01jt3m,/m/09x0r"
72iyxc7ueU4,10,20,"/m/01jt3m,/t/dd00125"
74IxcvYkBLM,0,10,"/m/01jt3m,/m/04rlf,/m/06_fw"
78E6E9fpPfI,40,50,"/m/01jt3m,/m/0838f"
79y6PHjXnd8,10,20,/m/01jt3m
7CrU_VpMADs,10,20,"/m/01jt3m,/t/dd00125"
7Ee4-MDmXHU,30,40,"/m/0130jx,/m/01jt3m"
7Eumr8sgq9I,30,40,"/m/01jt3m,/m/0838f"
7HakzscblZY,30,40,"/m/01jt3m,/m/07p7b8y"
7JpCbe0mBXY,80,90,"/m/01jt3m,/m/04rlf"
7MeL9FxsMV0,90,100,"/m/01jt3m,/m/0838f"
7Q0qcvdL7bc,80,90,/m/01jt3m
7Qgy2XzDSwo,30,40,"/m/01jt3m,/m/0838f"
7S8eTN2BvtU,20,30,"/m/01jt3m,/m/04k94,/m/09x0r"
7SLoXsxJfJk,20,30,/m/01jt3m
7TSU0B2adAM,20,30,"/m/01jt3m,/m/0838f"
7UynE2aCvIQ,20,30,/m/01jt3m
7YpnTnKDMt8,21,31,"/m/01jt3m,/m/0838f"
7_05UMqy4Tc,0,10,"/m/01jt3m,/m/04rlf"
7__8AVfo2bk,30,40,/m/01jt3m
7bdx3FmHJ2E,0,10,"/m/01jt3m,/m/04rlf,/m/09x0r"
7cgTsdhfn7s,20,30,/m/01jt3m
7ih9QYtw9ko,10,20,/m/01jt3m
7nEyjPXNtZk,10,20,/m/01jt3m
7pxNDwMWoIo,20,30,"/m/01jt3m,/m/0838f"
7r5fpBTvQhY,140,150,"/m/01jt3m,/m/0838f"
7rNCIjvNUI0,0,10,/m/01jt3m
7siHuS7Veio,10,20,/m/01jt3m
7tJSm5ke3a4,30,40,/m/01jt3m
7ue5N_tH-jI,0,9,/m/01jt3m
7v9h0tZXwu0,0,10,"/m/01jt3m,/m/04rlf,/t/dd00125"
7vVxwb_U3Ro,10,20,"/m/01jt3m,/m/0838f"
7w8SF8dYNFI,10,20,"/m/01jt3m,/m/0838f"
7xQxDYD0D5E,50,60,"/m/01jt3m,/m/09x0r"
7xZxYm27FdA,20,30,/m/01jt3m
7yjRBNhB9FI,20,30,/m/01jt3m
7yskaISnJM8,20,30,"/m/01jt3m,/m/04k94"
80iUEdHzKqc,50,60,/m/01jt3m
83Tq2jTQp3g,10,20,/m/01jt3m
85DfKcmqucg,0,10,"/m/01jt3m,/m/09x0r"
85pI1yQAV98,70,80,"/m/01jt3m,/m/0838f"
879C2PIaagw,20,30,/m/01jt3m
88P_mdXElVU,10,20,/m/01jt3m
88nqjULENCk,20,30,"/m/01jt3m,/m/0838f"
89HqGf5YoOo,80,90,"/m/01jt3m,/m/0838f"
89TJDppJlKI,20,30,/m/01jt3m
8ALWgLQx7Xo,20,30,"/m/01jt3m,/m/0838f"
8BbtFfTiHg4,70,80,"/m/01jt3m,/m/07yv9,/m/09x0r"
8C9SKIU99aM,0,10,"/m/01jt3m,/m/04rlf"
8E8tmUk8EHU,20,30,"/m/01jt3m,/m/0838f"
8GJJi8OivOo,12,22,"/m/01jt3m,/m/0838f"
8Lmi4RqVhog,180,190,/m/01jt3m
8M3r5SA8Qos,10,20,/m/01jt3m
8NwYdibJ5PM,20,30,/m/01jt3m
8OTPu7DH0VI,0,10,/m/01jt3m
8PJoXe_XFe8,30,40,"/m/01jt3m,/t/dd00125"
8QaBZfjyzpw,30,40,"/m/01jt3m,/m/0838f"
8Rfn_cZbAOU,30,40,"/m/01jt3m,/m/0838f"
8VqLcosY_oc,60,70,"/m/01jt3m,/m/07p7b8y"
8X4RhPRTYQk,220,230,"/m/0130jx,/m/01jt3m,/m/02jz0l,/m/0838f"
8ZcJu4hgdOU,20,30,/m/01jt3m
8_PyCgoCwKc,0,10,"/m/01jt3m,/m/0838f"
8cR_Xq27Gbw,180,190,/m/01jt3m
8fDeRi8Lqyg,40,50,"/m/01jt3m,/m/0838f"
8gs7yhC8UIs,90,100,"/m/01jt3m,/m/068hy,/m/09x0r,/m/0bt9lr,/m/0jbk"
8jsPXvABIzM,230,240,"/m/01jt3m,/m/09x0r,/m/0ytgt"
8kekGAzvdlc,20,30,"/m/01jt3m,/t/dd00125"
8lhDSLRfZ8Q,350,360,/m/01jt3m
8oEwfYQJR_o,70,80,"/m/01jt3m,/m/09x0r"
8oLTyikQNPo,350,360,"/m/01jt3m,/m/0838f"
8pKO5tTWFCs,0,10,"/m/01jt3m,/m/0838f"
8uhjObBGV-w,60,70,"/m/01jt3m,/t/dd00125"
8yfRH5pzHDo,30,40,"/m/01jt3m,/m/07p7b8y"
8yl3jPSYpWQ,30,40,"/m/01jt3m,/m/09x0r"
90dh8QrzDtU,40,50,"/m/01jt3m,/m/09x0r,/t/dd00125"
917aqwF8aAM,100,110,/m/01jt3m
927ns-RloUQ,20,30,/m/01jt3m
92zpYJXxj08,10,20,/m/01jt3m
95DlMcPIqhg,180,190,/m/01jt3m
95zhGoxMY7E,100,110,"/m/01jt3m,/m/09x0r"
96N-zODUCtc,10,20,"/m/01jt3m,/m/0838f"
98MHHCtO-34,40,50,"/m/01jt3m,/m/0838f"
99JQLwEpusc,220,230,/m/01jt3m
99MfwDS1Vpc,30,40,/m/01jt3m
9A2pojt5Z64,50,60,"/m/01jt3m,/m/04k94"
9BwworQpiL0,30,40,/m/01jt3m
9DJj2UOOI_I,30,40,"/m/01jt3m,/m/0838f"
9FG92B_xVXo,40,50,"/m/01jt3m,/m/0838f"
9GaJOkgwsxY,0,10,/m/01jt3m
9HTVgGYken8,100,110,"/m/01jt3m,/m/09x0r"
9IcLueWEQIc,20,30,/m/01jt3m
9InrWtkCJjw,80,90,"/m/01jt3m,/m/0838f"
9K8GZMG1QJo,0,10,"/m/01jt3m,/m/09x0r"
9KC4spopIbk,20,30,"/m/01jt3m,/m/0838f"
9KKaefPobl4,40,50,"/m/01jt3m,/m/09x0r"
9RqDTtboszk,30,40,/m/01jt3m
9RtgQ1ElzfM,30,40,/m/01jt3m
9SI6gRJZDro,10,20,/m/01jt3m
9UZuSwl6Ses,430,440,"/m/01jt3m,/m/09x0r,/t/dd00125"
9XAvzOnkZhM,0,10,/m/01jt3m
9YHKI1kla2I,30,40,/m/01jt3m
9Ycs-U_IvFg,40,50,"/m/01jt3m,/m/0838f"
9_kJ-sKYqic,30,40,/m/01jt3m
9b_bx0mlQJA,0,10,/m/01jt3m
9csxx1A1jyY,24,34,/m/01jt3m
9epEVIdsEUY,180,190,/m/01jt3m
9gRG7ZAukX4,60,70,"/m/01jt3m,/m/0838f"
9mlC9bC0ZjA,30,40,/m/01jt3m
9my850aAjRE,130,140,"/m/01jt3m,/m/0838f"
9nQRfADA6pk,40,50,"/m/01jt3m,/m/0838f"
9p7jTWxQUig,20,30,/m/01jt3m
9rcj35XGKWA,80,90,"/m/01jt3m,/m/09x0r"
9sVV0Fbdpds,0,10,/m/01jt3m
9tyt5QT5p9g,10,20,"/m/01jt3m,/m/0838f"
9uZM6I0gFX8,120,130,"/m/01jt3m,/m/0838f"
9vI9YWXK-Ls,20,30,"/m/01jt3m,/m/0838f"
9ykOLkdw4Vw,70,80,/m/01jt3m
A-BK9K-DD6c,110,120,"/m/01jt3m,/m/09x0r,/t/dd00125"
A0xKGcpFYGw,7,17,"/m/01jt3m,/m/0838f"
A100Kq3P-j8,30,40,"/m/01jt3m,/m/0838f"
A2Nwh4uj2Fk,20,30,/m/01jt3m
A2WGHzyJ_iE,60,70,/m/01jt3m
A5_hiQxgPw8,40,50,"/m/01jt3m,/m/0838f"
A9J3KkTD9KQ,120,130,"/m/01jt3m,/m/09x0r,/t/dd00125"
ACeSnHzlfFo,20,30,/m/01jt3m
AChtTzwrpb4,50,60,"/m/01jt3m,/m/04rlf"
AEzl9R3Jop4,10,20,"/m/01jt3m,/m/0838f"
AHpubrPKmlQ,2,12,/m/01jt3m
AKL0P1JUQoM,40,50,"/m/01jt3m,/m/04k94,/m/09x0r"
AKToKvbfIdY,30,40,/m/01jt3m
AKefOuyvHuE,210,220,/m/01jt3m
AMFYRS5BesE,10,20,"/m/01jt3m,/m/02jz0l,/m/09x0r"
AMSKTVe41hs,50,60,/m/01jt3m
AMddUOMSfUk,160,170,"/m/01jt3m,/m/0838f"
AN-Z-MsIYM8,20,30,"/m/01jt3m,/m/0838f"
AOaigRmg6a0,20,30,/m/01jt3m
AOcTHm3kE7g,50,60,/m/01jt3m
APOp9_rcIAo,12,22,/m/01jt3m
ARhcMoO82ZQ,30,40,/m/01jt3m
ATtYGDc5cNk,140,150,/m/01jt3m
AVuLYVe77Fg,10,20,/m/01jt3m
AXY-pAhVEUc,20,30,"/m/01jt3m,/m/09x0r"
AXzvJZMiON4,30,40,/m/01jt3m
AYKC-RO6NhI,0,7,"/m/01jt3m,/m/09x0r,/t/dd00125"
AZG-U8Z-btM,50,60,"/m/01jt3m,/m/0838f"
AZbwdHIhyTI,12,22,/m/01jt3m
AagLJkfrFMk,60,70,/m/01jt3m
Abt-fZfXT3g,10,20,/m/01jt3m
AdT_D9X6sXw,40,50,/m/01jt3m
AdcrTzzGrrI,10,20,"/m/01jt3m,/m/0838f"
AhJSF7zatjU,110,120,/m/01jt3m
Ahn5oREWIQ4,20,30,"/m/01jt3m,/m/0838f"
AhnaSGI9XW8,40,50,"/m/01jt3m,/m/0838f"
AiVDApVNsPQ,20,30,"/m/01jt3m,/m/0838f"
Aj5uXT-2Mps,60,70,"/m/01jt3m,/m/0838f"
AlQ5S8Wuog8,20,30,"/m/01jt3m,/m/0838f"
AoZwYJzzVuI,50,60,"/m/01jt3m,/m/0838f"
Aoa0xWcrlq8,90,100,"/m/01jt3m,/m/0838f,/m/09x0r"
As4IU2hYcII,7,17,/m/01jt3m
Awk5h3VwN9w,370,380,/m/01jt3m
AxaHC_TXbMQ,30,40,"/m/01jt3m,/m/0838f"
B01f2C78ev4,0,10,"/m/01jt3m,/m/04rlf"
B0EBnNdhvlI,30,40,"/m/01jt3m,/m/0838f"
B1Dyj3JsBTk,30,40,"/m/01jt3m,/m/0838f"
B284xSlU-3A,370,380,/m/01jt3m
B49BxRahdEA,0,10,"/m/01jt3m,/m/04rlf,/m/0838f"
B9_zOTSKZMk,60,70,"/m/01jt3m,/m/09x0r,/t/dd00125"
BBsgYT2UyxY,90,100,/m/01jt3m
BC8dL8_80YM,80,90,/m/01jt3m
BCmkNHjkp8E,10,20,/m/01jt3m
BEKoXxt5Nd4,30,40,/m/01jt3m
BFRHPeMPuPg,30,40,"/m/01jt3m,/t/dd00125"
BHUv1rJ4LSc,30,40,/m/01jt3m
BHyX_L6f9fw,90,100,"/m/01jt3m,/m/0838f"
BJss50VVKwo,30,40,"/m/01jt3m,/m/0838f"
BKtgRtomE3k,200,210,"/m/01jt3m,/m/04k94"
BLgpht_dE_I,270,280,"/m/01jt3m,/t/dd00129"
BLzU5RHOUJY,70,80,"/m/01jt3m,/m/04k94"
BNEWAvqxjCY,20,30,"/m/01jt3m,/m/07p7b8y,/m/09x0r"
BPYsErwg8d4,180,190,"/m/01jt3m,/m/0838f"
BQQPql76V74,40,50,"/m/01jt3m,/m/09x0r"
BQjAva1fRV0,10,20,"/m/01jt3m,/m/04rlf"
BRvYWOLzRAs,80,90,"/m/01jt3m,/m/0838f"
BSDcK0As60I,30,40,"/m/01jt3m,/m/0838f"
BSroniM1gz4,0,10,"/m/01jt3m,/m/04k94"
BT1qAa8bxbI,110,120,"/m/01jt3m,/m/0838f"
BVrnRUnJFWg,40,50,"/m/01jt3m,/m/0838f"
BWVWKvHsJQQ,20,30,/m/01jt3m
BYiBqM2vAgY,310,320,"/m/01jt3m,/m/0838f"
B_7j33IkrII,40,50,/m/01jt3m
BaPDEHtvNcw,160,170,"/m/01jt3m,/m/0838f"
Be8b5mAGM4w,20,30,/m/01jt3m
BeVRL1GAC1w,0,10,/m/01jt3m
BfC7aiUUIPI,30,40,"/m/01jt3m,/m/0838f"
BfPK80-UcBc,40,50,"/m/01jt3m,/m/0838f"
BfVlbgUQkrA,30,40,/m/01jt3m
BfXBAW5QqgY,30,40,/m/01jt3m
BgONm1BKM68,20,30,"/m/01jt3m,/m/0838f"
BjndO12XsQI,30,40,/m/01jt3m
BjwnigevwTs,0,10,/m/01jt3m
BkOMz7m7yLs,110,120,"/m/01jt3m,/m/0838f"
Bka3R1G9rIU,50,60,/m/01jt3m
Bl7Y5H4xclE,5,15,"/m/01jt3m,/m/09x0r"
Bm6MkVhrsac,19,29,"/m/01jt3m,/m/0838f"
BmDs7d5Jw08,160,170,"/m/01jt3m,/m/09x0r"
BmHhp_HMu3Y,100,110,/m/01jt3m
BmnB-SPSrqQ,10,20,/m/01jt3m
Bo4kFgyJ2I0,0,10,"/m/01jt3m,/m/0838f"
Bp93qDyvBak,0,10,"/m/01jt3m,/m/09x0r"
BqObjb9QtVk,70,80,"/m/01jt3m,/m/0838f"
BroYOOX-hB4,30,40,"/m/01jt3m,/m/0838f"
BsLVpoK1DKg,50,60,"/m/01jt3m,/t/dd00125"
BtqCEPdPkBA,30,40,"/m/01jt3m,/m/09x0r"
Bux21VFus04,14,24,"/m/01jt3m,/m/0838f"
Byac3CyyFx4,30,40,"/m/01jt3m,/m/0838f"
C-0wZaYudtY,23,33,"/m/01jt3m,/m/0838f"
C-T_bgjjRkA,16,26,/m/01jt3m
C-zrsZNSG3Q,0,10,/m/01jt3m
C5PzQidcbu8,30,40,"/m/0130jx,/m/01jt3m,/m/0838f"
C5WAWc1sp2A,70,80,"/m/01jt3m,/m/0838f"
C5WCR8R98BU,0,10,"/m/01jt3m,/m/0838f"
C6coTpRi-Nk,20,30,"/m/01jt3m,/m/04k94,/m/0838f,/m/09x0r"
C6u9MRSOkZI,20,30,/m/01jt3m
CBCKdbtTgnU,310,320,"/m/01jt3m,/m/0838f"
CC4Nk0kQXhg,0,10,/m/01jt3m
CDVIYMBRMkc,100,110,"/m/01jt3m,/t/dd00125"
CE9mrHIobUI,10,20,"/m/01jt3m,/m/0838f"
CJJ9jUS-7PU,70,80,/m/01jt3m
CL5jRYVlTno,50,60,/m/01jt3m
CL7L62bhhGk,30,40,"/m/01jt3m,/m/0838f"
CMvRhf-QLYU,10,20,/m/01jt3m
CROqUhmRysU,100,110,/m/01jt3m
CSx-0-1-9hc,140,150,"/m/01jt3m,/m/028sqc,/m/04rlf,/m/064t9,/m/09x0r"
CXO_q6FyFKc,60,70,/m/01jt3m
CYQGz0sm79k,10,20,"/m/01jt3m,/m/0838f"
C_XYzR7mnIs,40,50,"/m/01jt3m,/m/09x0r,/t/dd00125"
C_ZjPPSeXO8,80,90,/m/01jt3m
CcgqhREvkDI,10,20,/m/01jt3m
CeIYwLFxJes,200,210,"/m/01jt3m,/m/09x0r"
Cf8_o1p8aRk,170,180,"/m/01jt3m,/m/09x0r"
CfxWJ1Qoufg,10,20,"/m/01jt3m,/m/09x0r"
CgqPtmCc0O8,70,80,"/m/01jt3m,/m/0838f"
CjOw-PyOtqg,50,60,"/m/01jt3m,/m/0838f"
CjfTjxpQqxU,10,20,"/m/01jt3m,/m/0838f"
CllIpgSbaiQ,160,170,"/m/01jt3m,/m/0838f"
CoQ9kgpJN-4,20,30,"/m/01jt3m,/t/dd00125"
CpKmvzqO8jU,0,10,"/m/01jt3m,/m/0838f"
CrLqQESe5P0,80,90,"/m/01jt3m,/m/0838f"
Cs24AWKFF1c,0,10,"/m/01jt3m,/m/0838f"
Csk396LjH6M,30,40,/m/01jt3m
CstJ-46M1Fk,50,60,/m/01jt3m
Ctu_wOdQYGo,10,20,"/m/01jt3m,/m/0838f"
CvN_oC0AGvM,340,350,"/m/01jt3m,/m/09x0r"
CwgKMGvAX1g,20,30,"/m/01jt3m,/m/0838f"
Cx54HbezhEU,30,40,/m/01jt3m
CyULNDBiTvQ,20,30,/m/01jt3m
D-LS8eN6GEA,30,40,"/m/01jt3m,/m/0838f"
D15MJ63gA2I,40,50,/m/01jt3m
D3-C7-KjJXM,40,50,"/m/01jt3m,/m/0838f"
D3dtQgZ8qSo,380,390,"/m/01jt3m,/m/0838f"
D6s931-65fU,80,90,"/m/01jt3m,/m/09x0r"
D7owSNMkPzw,330,340,"/m/01jt3m,/m/09x0r,/t/dd00126"
D8TYIdrO60c,10,20,"/m/01jt3m,/m/0838f"
DARWNGUe9Js,250,260,/m/01jt3m
DE7NoVe6LwA,30,40,"/m/01jt3m,/m/07ptzwd"
DESGSMK-yQQ,80,90,"/m/01jt3m,/m/0838f"
DFVuh1KvG78,400,410,"/m/01jt3m,/m/0838f"
DGldMuVrUT0,0,10,"/m/01jt3m,/m/0838f"
DKKC3ZfcTmQ,0,10,"/m/01jt3m,/m/0838f"
DMFhzHjUcxM,30,40,"/m/01jt3m,/t/dd00125"
DMFqqbDkQW0,0,10,"/m/01jt3m,/m/0838f"
DOYokwnGSC8,10,20,/m/01jt3m
DSlCRM0Rad8,30,40,"/m/01jt3m,/m/09x0r"
DTGcWm9F0bU,30,40,/m/01jt3m
DTeHkS6r_WE,60,70,"/m/01jt3m,/m/0838f"
DU1DilqxBGM,30,40,/m/01jt3m
DUwo0krAdbs,50,60,/m/01jt3m
DW2hvIp0mns,60,70,"/m/01jt3m,/m/0838f"
DWXGqDoCzoc,10,20,"/m/01jt3m,/m/0838f"
DXja5QSkP3k,40,50,/m/01jt3m
DZ6no82YsXc,20,30,"/m/01jt3m,/m/07pqc89"
DZa-AIhRZDM,40,50,/m/01jt3m
DbqirFobrYM,20,30,/m/01jt3m
DcN5HNZexeM,250,260,"/m/01jt3m,/m/0838f,/t/dd00125"
DgLRJXtIFmA,30,40,"/m/01jt3m,/m/0838f"
DkkAAQmhw5k,40,50,"/m/01jt3m,/m/0838f"
DlnVRIn7OHw,10,20,"/m/01jt3m,/m/0838f"
DngJxleArYQ,140,150,"/m/01jt3m,/m/0838f"
DpmxpnhLa1A,30,40,"/m/01jt3m,/m/0838f"
DqrPVXk1ezY,130,140,/m/01jt3m
DueETY_DKHU,10,20,"/m/01jt3m,/m/0838f"
DvG5UrUJJ3s,8,18,/m/01jt3m
DxGz6pq8sJw,10,20,"/m/01jt3m,/t/dd00125"
DxkndrRlJHU,60,70,/m/01jt3m
E0UW2QDlgMU,20,30,"/m/01jt3m,/m/04rlf,/t/dd00125"
E0_z46kByJU,20,30,"/m/01jt3m,/m/07rrlb6,/m/0838f"
E1eO16tg-JM,130,140,/m/01jt3m
E3T5PFF1PaM,40,50,"/m/01jt3m,/m/0838f"
E3krgoJesWk,10,20,"/m/01jt3m,/m/07p7b8y"
E3nHoJYXPG0,30,40,/m/01jt3m
E4OL2DNYVKc,0,10,"/m/01jt3m,/m/0838f"
E4rg5AzXUIc,10,20,"/m/01jt3m,/m/09x0r"
E5EQ1Ok0Uv0,60,70,"/m/01jt3m,/m/0838f"
E5Txjv5jJJs,10,20,"/m/01jt3m,/m/0838f"
E8lAtR0OzJA,20,30,/m/01jt3m
E9c8LRDaIjg,20,30,"/m/01jt3m,/m/09x0r"
EAEBCzvoh0E,0,10,/m/01jt3m
ECrLYl_2qk8,30,40,/m/01jt3m
ECusEY5Emo4,130,140,/m/01jt3m
EGPN1YVr8C0,40,50,/m/01jt3m
EGq99qRsRdA,10,20,"/m/01jt3m,/m/0838f"
EIybOeHts5g,30,40,"/m/01jt3m,/m/0838f"
EJlLpqRCQZc,480,490,"/m/01jt3m,/m/09x0r"
ELuCjoFFHds,50,60,/m/01jt3m
EN5AwM98F5A,10,20,/m/01jt3m
EON_rdhgxfg,21,31,"/m/01jt3m,/m/0838f"
EPLgaEuASU8,150,160,/m/01jt3m
EQXS7ZPxiZg,30,40,"/m/01jt3m,/m/0838f"
ES8lAqq8cSg,270,280,"/m/01jt3m,/m/04k94,/m/0838f,/m/09x0r"
EVDPL5mqj-c,40,50,/m/01jt3m
EZCYf6Z5tY8,30,40,/m/01jt3m
E_2v6a6ybaI,10,20,/m/01jt3m
E_T_i8LJFKs,10,20,"/m/01jt3m,/m/09x0r"
E_dwrbgSKo8,70,80,"/m/01jt3m,/m/0838f"
E_pWW6Ww3pQ,0,10,"/m/01jt3m,/m/09x0r"
EbBRkjoyJTA,20,30,"/m/01jt3m,/m/0838f"
EbWOHZGhluk,20,30,/m/01jt3m
EbjdUji-Qs4,10,20,"/m/01jt3m,/m/0838f"
EdelgtgOsDU,20,30,/m/01jt3m
EeKspbTX524,50,60,"/m/01jt3m,/m/07p7b8y"
EhT5Ci8qc_Q,0,10,"/m/01jt3m,/m/07prgkl,/m/09x0r"
Ej37K3gHzxI,280,290,"/m/01jt3m,/m/0838f"
EkL3FWO2dVg,40,50,/m/01jt3m
Em2HEEf2ZT4,0,10,/m/01jt3m
EmB_iVECkQE,130,140,"/m/01jt3m,/m/0838f"
EmE49HQRlqA,50,60,"/m/01jt3m,/m/0838f"
EqtPCiwC9Hg,0,10,/m/01jt3m
EsjF2D4DY_8,410,420,/m/01jt3m
EssR52BR8Ic,10,20,/m/01jt3m
EtN37FWVnTo,0,10,"/m/01jt3m,/m/0838f"
EtlJMRiVOD8,70,80,"/m/01jt3m,/m/0838f"
Ev7627Vv_NA,20,30,"/m/01jt3m,/m/07pqc89,/m/0838f"
Ewb29ij9HFU,0,10,"/m/01jt3m,/m/0838f"
EweKvzInXsM,10,20,"/m/01jt3m,/m/0838f"
EwnexICVrUA,20,30,/m/01jt3m
EzQLhfk1v1Y,0,10,/m/01jt3m
F0WCD_WmbxU,50,60,"/m/01jt3m,/m/0838f"
F1-qY22JnOQ,30,40,"/m/01jt3m,/m/04rlf"
F3a8_WwnDiA,20,30,"/m/01jt3m,/m/0838f"
F4WjABrO974,10,20,"/m/01jt3m,/m/0838f"
F4e3qKOoMQY,50,60,"/m/01jt3m,/m/09x0r"
F5t17Y7XAXQ,120,130,"/m/01jt3m,/m/02jz0l,/m/09x0r"
F8-VnrjOX_U,50,60,"/m/01jt3m,/m/07r5v4s"
F9e-MfpEjVk,70,80,/m/01jt3m
FDpxukcVW44,10,20,/m/01jt3m
FEJoaYOhoRQ,210,220,"/m/01jt3m,/m/0838f"
FEM4So8wjlI,10,20,/m/01jt3m
FEfGQQe4Mdw,10,20,"/m/01jt3m,/m/0838f"
FEu4EXdiCNo,10,20,/m/01jt3m
FHnzqKaX93s,60,70,/m/01jt3m
FKP72r4CkT0,60,70,/m/01jt3m
FM2bmOEidlY,60,70,"/m/01jt3m,/m/07pqc89,/m/0838f"
FTAtNN2nY_s,30,40,"/m/01jt3m,/m/0838f"
FVf1OshdKQU,230,240,"/m/01jt3m,/m/04rlf,/m/09x0r,/t/dd00125"
Fc20w0utjQw,10,20,"/m/01jt3m,/m/09x0r"
Fc9pG54DDJM,30,40,"/m/01jt3m,/m/0838f"
FdvS5DRc_nE,50,60,"/m/01jt3m,/m/0838f"
FftaiWfXLHs,40,50,/m/01jt3m
Fhw9-LogSlE,90,100,"/m/01jt3m,/m/0838f"
FizAxxAcKw4,40,50,/m/01jt3m
Fjt0rz8S6FY,100,110,"/m/01jt3m,/m/0838f"
FoKv_XjGPts,0,10,"/m/01jt3m,/m/04rlf,/m/09x0r"
FpFEDVhBM54,50,60,"/m/01jt3m,/t/dd00125"
Fq4L68wg5h0,50,60,"/m/01jt3m,/m/0838f"
FsJIqrnP1wE,40,50,"/m/01jt3m,/m/0838f"
FsUQ1rTJhFw,30,40,/m/01jt3m
Ft5AhiXxAkg,10,20,"/m/01jt3m,/m/0838f"
Fv7rfnTIq7w,100,110,/m/01jt3m
G0QH_aSUh0c,10,20,"/m/01jt3m,/t/dd00125"
G0cQdlAcWxE,90,100,"/m/01jt3m,/m/0838f"
G0dl6VawqGA,60,70,"/m/01jt3m,/m/0838f"
G0yTrD0i8_A,40,50,/m/01jt3m
G2FfKqCy5HY,30,40,/m/01jt3m
G5qYPxeLkpw,180,190,"/m/01jt3m,/m/0838f"
G6FxoIbhWUA,30,40,/m/01jt3m
GBMnMPr118E,10,20,/m/01jt3m
GCEyAjsmldc,510,520,"/m/01jt3m,/m/09x0r"
GDyDH4Wjxwg,30,40,/m/01jt3m
GE_8ktEcmAA,550,560,"/m/01jt3m,/m/04rlf,/m/09x0r,/t/dd00125"
GIuRsbukUlQ,30,40,"/m/01jt3m,/m/0838f"
GTFfLVlTWR4,100,110,/m/01jt3m
GUFPM74xbUo,0,10,/m/01jt3m
GXA3GPZF3lI,20,30,"/m/01jt3m,/m/0838f"
GXMj2aysQCI,80,90,/m/01jt3m
Gc-5pJnd6VM,40,50,"/m/01jt3m,/m/0838f"
GfL1en2SpjA,20,30,/m/01jt3m
GhisoHEAZIU,27,37,"/m/01jt3m,/m/0838f"
Gp7LnTXYu3o,20,30,"/m/01jt3m,/m/09x0r"
GsQX7PbRAbQ,30,40,"/m/01jt3m,/m/09x0r"
GtPai5NXBw8,10,20,"/m/01jt3m,/m/0838f"
Gvdo2-FjFaw,20,30,"/m/01jt3m,/t/dd00125"
GweY8MC46wk,20,30,"/m/01jt3m,/m/09x0r"
GyFpQJ5jnA8,10,20,"/m/01jt3m,/m/0838f"
GzC9QI9-5TM,70,80,"/m/01jt3m,/m/0838f"
H3T2ZGWRkMw,0,10,"/m/01jt3m,/m/0838f"
H4Labm9Cah0,10,20,/m/01jt3m
H5VcIuxMY8U,70,80,"/m/01jt3m,/m/0838f"
H6Y_924ytAg,30,40,"/m/01jt3m,/m/0838f"
H9yRnQffP88,20,30,/m/01jt3m
HA8m3NPnu7o,100,110,"/m/01jt3m,/m/0838f"
HA9vc4GRES4,50,60,"/m/01jt3m,/m/0838f"
HAANErpYcUs,0,10,/m/01jt3m
HBawAl3vH3U,10,20,"/m/01jt3m,/m/02jz0l"
HEZ0Cag_yeA,210,220,"/m/01jt3m,/m/04rlf,/m/09x0r"
HF9ncZ9yems,30,40,"/m/01jt3m,/t/dd00125"
HIyF8UI7YcA,130,140,/m/01jt3m
HM8ObQ8dG9A,10,20,"/m/01jt3m,/m/0838f"
HO9oG0qy2SY,20,30,"/m/01jt3m,/t/dd00125"
HOxtY15Otpg,5,15,"/m/01jt3m,/m/0838f"
HPSjjChJTbw,70,80,"/m/01jt3m,/m/0838f"
HUS74dAqje0,10,20,/m/01jt3m
HVVk4DoUFyc,40,50,/m/01jt3m
HVz-FJBf_iM,10,20,"/m/01jt3m,/m/0838f"
HXCr0N4_fe8,10,20,"/m/01jt3m,/m/0838f"
HXRDp2PPepw,350,360,"/m/01jt3m,/m/04k94,/m/09x0r"
HYYnHPIqHz4,30,40,/m/01jt3m
H_wKbs8_CCk,70,80,"/m/01jt3m,/m/09x0r"
HaK0hqsPRDU,440,450,"/m/01jt3m,/m/0838f"
HdHnnI-pWb0,20,30,/m/01jt3m
HfJuVE_n8lM,70,80,"/m/01jt3m,/m/09x0r,/t/dd00125"
Hj6SLH_KCIs,50,60,"/m/01jt3m,/m/0838f"
HoypRk_30q4,0,10,"/m/01jt3m,/m/0838f"
Hq7yp4Q6df4,70,80,/m/01jt3m
Hs-X1zEbyJ4,30,40,/m/01jt3m
Hsj3JE1Z75w,40,50,"/m/01jt3m,/m/0838f"
HwU1r4XbpGM,170,180,"/m/01jt3m,/m/0838f"
Hx_9WbCfqOw,30,40,"/m/01jt3m,/m/0838f"
Hznf0w64S-0,120,130,/m/01jt3m
I-1Vj2RiXbY,120,130,"/m/01jt3m,/m/09x0r"
I2EAD7YYpE4,30,40,"/m/01jt3m,/m/0838f"
I3_jdveF3vk,50,60,"/m/01jt3m,/m/0838f"
I57yN6iBbsc,330,340,/m/01jt3m
I5aXnPbSsGQ,30,40,/m/01jt3m
I67hXRvBrpQ,10,20,"/m/01jt3m,/m/04rlf"
I6FNsNNaJMs,50,60,/m/01jt3m
I6cnYj9acYw,20,30,"/m/01jt3m,/m/0838f"
I8mELIan_Ak,10,20,"/m/01jt3m,/t/dd00125"
I9DheJqf3wU,50,60,"/m/01jt3m,/m/04rlf"
IBXzhilSX-s,130,140,/m/01jt3m
IF-i1YtvSJI,5,15,"/m/01jt3m,/m/0838f"
IFPzpRNVYrM,20,30,/m/01jt3m
IJYF4ZMAIEA,30,40,"/m/01jt3m,/m/0838f"
IKx5YbMQSP0,30,40,"/m/01jt3m,/m/0838f"
ILDt5_ntP0s,30,40,/m/01jt3m
INLoQB9wgj0,30,40,/m/01jt3m
IOIpdxEp8mg,0,10,/m/01jt3m
ISyEFgLryO0,110,120,"/m/01jt3m,/m/0838f"
ITnufkNNEB8,70,80,"/m/01jt3m,/m/0838f"
IXhuq5Y1Qqs,0,10,"/m/01jt3m,/m/09x0r"
IZG-QTNuzhc,20,30,/m/01jt3m
IZJfy_TW-5E,30,40,"/m/01jt3m,/m/04rlf"
IZbCi4x4tCc,0,10,"/m/01jt3m,/m/0838f"
IabsMMhgSzA,30,40,"/m/01jt3m,/m/0838f"
IbV9yyTbUWg,50,60,"/m/01jt3m,/m/0838f"
IbWilyT9_18,30,40,"/m/01jt3m,/m/0838f"
IdJ_Ec8OLVc,180,190,/m/01jt3m
IfYSF8HAFpQ,0,10,"/m/01jt3m,/m/09x0r"
IjSF15tfhfY,10,20,/m/01jt3m
IoTYXH50g4Q,520,530,"/m/01jt3m,/m/07prgkl"
Ip5urApFf9k,30,40,/m/01jt3m
Itl3FzSL8pc,60,70,/m/01jt3m
IvYuyWDwsPM,30,40,/m/01jt3m
J1_hSM0BDKI,30,40,"/m/01jt3m,/m/0838f"
J4NJ37kIHjM,23,33,/m/01jt3m
J4Yw1A3b45Y,340,350,"/m/01jt3m,/m/0838f"
J73HXiihn84,240,250,"/m/01jt3m,/m/0838f"
J8xnnXILOOw,24,34,"/m/01jt3m,/m/0838f"
JALIHtO__uI,0,10,"/m/01jt3m,/m/0838f"
JEZWQ17TXhU,160,170,/m/01jt3m
JFACCHYJ32k,70,80,"/m/01jt3m,/m/0838f"
JFGa2bZO4i0,30,40,"/m/01jt3m,/m/0838f"
JIqYYEj6XDY,30,40,/m/01jt3m
JIyXPMTk9Ic,70,80,"/m/01jt3m,/m/09x0r"
JKaY-ByG2Io,10,20,"/m/01jt3m,/m/09x0r"
JO76mysJ3TM,10,20,"/m/01jt3m,/m/0838f"
JOZr7q4vhI0,10,20,"/m/01jt3m,/m/09x0r"
JPIUzrYo9QM,40,50,/m/01jt3m
JTbDFx9yRoo,20,30,"/m/01jt3m,/m/04k94"
JU7H_2fMfkU,10,20,"/m/01jt3m,/m/09x0r"
J_EETIMWcmE,50,60,"/m/01jt3m,/m/04rlf,/m/09x0r"
Ja49kGYYjMQ,10,20,"/m/01jt3m,/m/09x0r,/t/dd00125"
JaUKLjzP1_o,0,9,"/m/01jt3m,/m/07p7b8y"
Je_qh9i_Q_o,30,40,/m/01jt3m
JewG9fGeEFY,0,10,"/m/01jt3m,/m/04k94,/m/07pqc89"
JgVaamxy7dk,60,70,"/m/01jt3m,/m/0838f"
JnmwGCx4BA0,30,40,/m/01jt3m
Jovlf_bjlZk,10,20,/m/01jt3m
Js70JWJgHgk,150,160,/m/01jt3m
JwnOXQpnzdQ,40,50,"/m/01jt3m,/m/09x0r"
JybQmC9Ccj4,30,40,"/m/01jt3m,/m/04k94,/m/04rlf,/m/0838f,/m/09x0r"
JybtViplPro,20,30,/m/01jt3m
K13lgRJFFzw,20,30,/m/01jt3m
K1BeIc2CPqQ,150,160,/m/01jt3m
K3Ee09lDEQ0,0,10,"/m/01jt3m,/m/0838f"
K4p6SyE5K7c,0,10,/m/01jt3m
K6bveJ-hNTQ,110,120,"/m/01jt3m,/m/0838f"
K9xwmQb4hCo,10,20,"/m/01jt3m,/m/0838f"
KA0aPcQLEps,27,37,"/m/01jt3m,/m/0838f"
KCHZN7L258M,310,320,"/m/01jt3m,/m/09x0r,/t/dd00125"
KDSNj69yUDI,20,30,"/m/01jt3m,/m/0838f"
KHgNaGwsxuM,20,30,"/m/01jt3m,/m/0838f"
KIa0xMnogjQ,80,90,"/m/01jt3m,/m/0838f"
KIlYWG5E0zM,10,20,"/m/01jt3m,/m/04k94,/m/07p7b8y,/m/07r5v4s"
KJZa6eX7OAE,110,120,/m/01jt3m
KKR9QHvHuwI,20,30,"/m/01jt3m,/m/0838f"
KNj5vve6VkA,30,40,"/m/01jt3m,/m/0838f"
KRWDXqfJYW4,40,50,"/m/01jt3m,/m/07rgt08,/m/09x0r"
KRXChlhyrrw,120,130,"/m/01jt3m,/m/07p7b8y"
KTdJ6TCmacg,70,80,"/m/01jt3m,/m/0838f"
KVn0MCt09Ek,20,30,/m/01jt3m
KZsbGQEpCSs,120,130,"/m/01jt3m,/m/0838f"
K_zH3vm1Nqg,10,20,/m/01jt3m
Ka-JVOrCWPo,20,30,"/m/01jt3m,/m/0838f"
KaTo0OEVZwI,80,90,"/m/01jt3m,/m/0838f"
KbVkQn5dEKc,10,20,"/m/01jt3m,/m/04rlf"
KfkFsUl-PII,0,10,"/m/01jt3m,/m/04k94"
Kg6qLpK6sdU,10,20,/m/01jt3m
Kg7OT3rKeTc,10,20,/m/01jt3m
KgWaTK465kA,30,40,"/m/01jt3m,/m/02dgv"
KiEy_Fp2qRw,30,40,/m/01jt3m
Kj2KMp8v9oQ,20,30,"/m/01jt3m,/m/0838f"
KjZ1ZwY09hE,10,20,/m/01jt3m
KkzxiKpvzjA,300,310,"/m/01jt3m,/m/09x0r"
KmUj6c7sFJ0,0,10,"/m/01jt3m,/m/09x0r"
KqBF34_ZaFk,110,120,"/m/01jt3m,/m/0838f"
Ks1odLTTI0o,20,30,"/m/01jt3m,/m/0838f"
KuSACLmMHpA,60,70,"/m/01jt3m,/m/0838f"
Kwdi0byXrbg,120,130,"/m/01jt3m,/m/0838f"
L-cJzUsjr1Y,20,30,"/m/01jt3m,/m/04rlf,/m/09x0r"
L0Tc3-9uhZ8,20,30,"/m/01jt3m,/m/0838f"
L2E5f5kEr10,0,10,/m/01jt3m
L6RCoLu9dnI,20,30,/m/01jt3m
LAYBrWfGTdk,30,40,/m/01jt3m
LAqi1Za6rAc,0,10,"/m/01jt3m,/m/09x0r"
LB5rvbOzcGU,70,80,"/m/01jt3m,/m/0838f"
LCMtVaFMP6E,30,40,"/m/01jt3m,/t/dd00125"
LCPPL-pvKXs,0,6,"/m/01jt3m,/m/04k94"
LEDxJ-8yhGo,30,40,"/m/01jt3m,/m/0838f"
LFmK3JUPfng,20,30,"/m/01jt3m,/m/04k94"
LLj2GcUv3vk,40,50,"/m/01jt3m,/m/0838f"
LONGoJRMCS8,8,18,/m/01jt3m
LQUF79q3yYQ,0,10,"/m/01jt3m,/m/0838f"
LUQElHsZebo,0,10,"/m/01jt3m,/m/0838f"
LUyFF9aR7PA,20,30,"/m/01jt3m,/m/0838f"
L_DMy5jx8yQ,30,40,"/m/01jt3m,/t/dd00125"
L_Mn6mIgoCo,180,190,"/m/01jt3m,/m/0838f"
La8lFqymc7Q,10,20,"/m/01jt3m,/m/0838f"
LhicdC_0z18,30,40,/m/01jt3m
LmR7PmWCLGs,40,50,"/m/01jt3m,/m/0838f"
LohQ0gSjV-Q,190,200,"/m/01jt3m,/m/0838f"
LpLkpB5dW6U,0,10,"/m/01jt3m,/t/dd00125"
LqYu2qXHRkc,10,20,"/m/01jt3m,/m/04k94"
LrUx2l2aR7c,10,20,"/m/01jt3m,/m/0838f"
LtNiQP2d4KM,10,20,"/m/01jt3m,/m/0838f"
LuF--SQoyUg,10,20,"/m/01jt3m,/m/0838f"
M34Hvanpj1M,40,50,/m/01jt3m
M3CI4_5jgco,10,20,/m/01jt3m
M3UfEbPkrbc,130,140,"/m/01jt3m,/t/dd00088"
M5sMa4BKrpQ,0,10,"/m/01jt3m,/m/09x0r"
M7Xdwghu5Dc,10,20,/m/01jt3m
MAfqL0ZztZ8,170,180,"/m/01jt3m,/m/0838f"
MCl9wqg7ej0,20,30,/m/01jt3m
MDWGGVmmRzk,20,30,"/m/0130jx,/m/01jt3m,/m/04k94"
MEoCGvzjLO4,30,40,"/m/01jt3m,/m/0838f"
MH0hgqsXtsg,30,40,"/m/01jt3m,/m/09x0r,/t/dd00125"
MJ3Ho0eM9Zw,60,70,"/m/01jt3m,/m/0838f"
MLorVRjVTjc,20,30,/m/01jt3m
MM8g2yMwcXE,60,70,"/m/01jt3m,/m/0838f"
MNX2d39SJ9Q,20,30,/m/01jt3m
MSDd1LxNV-Q,10,20,"/m/01jt3m,/m/0838f"
MTBA1zWBwYk,200,210,"/m/01jt3m,/m/0838f"
MTanYXO51lA,80,90,"/m/01jt3m,/m/0838f"
MVhBQ8euy3M,10,20,/m/01jt3m
MWsPUFmT0hI,30,40,/m/01jt3m
MYtE3y3xDfU,10,20,/m/01jt3m
MZv1oSXFz-U,70,80,"/m/01jt3m,/m/0838f"
Ma-eUdapcz8,20,30,"/m/01jt3m,/m/09x0r"
MaQ6CyaaJA4,20,30,/m/01jt3m
MbduGYHK0Yw,70,80,"/m/01jt3m,/t/dd00125"
MeO4vg3qGEs,90,100,/m/01jt3m
MiTpU1GmxPE,430,440,/m/01jt3m
Mj9mHQegPlE,400,410,"/m/01jt3m,/m/09x0r"
MmBjXKefcpw,70,80,/m/01jt3m
MnWN4_hpkMQ,120,130,"/m/01jt3m,/m/0838f"
MqNbuFNq0AY,10,20,"/m/01jt3m,/m/09x0r"
MtK8L8gXRrI,20,30,/m/01jt3m
Mw-oCBWKY6Y,0,10,"/m/01jt3m,/m/0838f"
MwAZAtHc2So,20,30,/m/01jt3m
N-HLusQTpYU,140,150,/m/01jt3m
N0xuD1hY4A0,0,10,/m/01jt3m
N2_OZjGDlhI,250,260,"/m/01jt3m,/m/0838f"
N6_X5POlGhg,40,50,/m/01jt3m
N6re66FSJFY,50,60,"/m/01jt3m,/m/09x0r"
N85u6sLpPOQ,70,80,/m/01jt3m
NCKuOPYuBrc,0,10,"/m/01jt3m,/m/04rlf"
NE1zAn2NU2w,60,70,/m/01jt3m
NFHqtAJ2VqY,10,20,"/m/01jt3m,/m/09x0r"
NFPOQULia_0,20,30,"/m/01jt3m,/m/0838f"
NNBZu9s_nRY,40,50,"/m/01jt3m,/m/0838f"
NQW-PRH03o8,10,20,"/m/01jt3m,/m/0838f"
NRXGO2-aPdg,90,100,/m/01jt3m
NUiRY0VnNMs,230,240,/m/01jt3m
NVE9wtxo81I,0,10,/m/01jt3m
NX0oSZshRVE,40,50,"/m/01jt3m,/m/0838f"
NYUskhCz040,170,180,"/m/01jt3m,/m/09x0r"
NZrOC56bfns,0,10,/m/01jt3m
N_KWXZzagwI,500,510,"/m/01jt3m,/m/0838f"
NczJhcEWUGs,10,20,"/m/01jt3m,/m/07p7b8y"
NdH-zBNBERE,0,10,"/m/0130jx,/m/01jt3m"
NdlqtOhCxWk,40,50,"/m/01jt3m,/m/09x0r"
NlBQrUSHV5I,30,40,"/m/01jt3m,/m/0838f"
Nm-1bYADWI8,110,120,"/m/01jt3m,/m/09x0r,/t/dd00125"
NmmfbzmsrIU,100,110,"/m/01jt3m,/m/0838f"
NpwUxO9D1F8,180,190,"/m/01jt3m,/m/09x0r"
NroHDGonjG0,40,50,"/m/01jt3m,/m/0838f,/m/09x0r"
O1f48lasScM,0,10,/m/01jt3m
O1wNrlWFypk,50,60,"/m/01jt3m,/m/09x0r"
O2NK2bvdquM,20,30,"/m/01jt3m,/t/dd00125"
O3nkGXW5T0Q,10,20,"/m/01jt3m,/m/09x0r"
O4_OKqnPKU8,1,11,"/m/01jt3m,/m/0838f"
O5YgHcNWfzA,40,50,"/m/01jt3m,/m/0838f"
O5l-FGTYm-I,70,80,/m/01jt3m
O6W2B7zYMW0,50,60,"/m/01jt3m,/m/0838f"
O6mAZNXXc_k,30,40,"/m/01jt3m,/m/0838f"
OCa4MRjGLGU,10,20,/m/01jt3m
OKrZ2Eqp9RA,0,10,/m/01jt3m
OMyHOvZCAU0,30,40,"/m/01jt3m,/m/0838f"
OQL0a7HKroA,40,50,"/m/01jt3m,/m/0838f"
OSdhFq_Flhc,20,30,"/m/01jt3m,/m/0838f"
OTHVnqWRL3c,210,220,"/m/01jt3m,/m/09x0r"
OTWZUdzYuSA,80,90,"/m/01jt3m,/m/0838f"
OY-sqeshwdo,30,40,"/m/01jt3m,/m/04k94,/m/07pqc89"
OZIBoGCQoKg,0,7,"/m/01jt3m,/m/0838f"
OZeTOPLzylg,0,10,/m/01jt3m
O_iiHMbjS04,30,40,/m/01jt3m
Oc3-7RATWHs,80,90,"/m/01jt3m,/m/0838f"
OdDt6Bc8qtw,20,30,"/m/01jt3m,/m/0838f"
OfisvxFyUxA,10,20,"/m/01jt3m,/m/0838f"
OgCQx1gEEPI,480,490,"/m/01jt3m,/m/04rlf,/m/09x0r,/t/dd00125"
OgcRlNh7_po,80,90,/m/01jt3m
OhGT6tLH1Hk,40,50,"/m/01jt3m,/m/0838f"
OicgRwIYwr8,50,60,"/m/01jt3m,/m/0838f"
OjV2keO_ifE,20,30,"/m/01jt3m,/m/09x0r"
OlfPppf-gBs,60,70,"/m/01jt3m,/m/0838f"
Omw6NluecZc,10,20,/m/01jt3m
OnTMp6FJPEU,20,30,/m/01jt3m
Oo1hQ2v6UxI,30,40,"/m/01jt3m,/m/0838f"
Orb_lZ88zKs,70,80,/m/01jt3m
OtyPX8KjsPw,40,50,"/m/01jt3m,/m/0838f"
OuTCxS-X6Fc,0,10,/m/01jt3m
Oxe2juUufuQ,220,230,"/m/0130jx,/m/01jt3m,/m/04rlf,/m/09x0r"
OyRVdmxpmtc,30,40,"/m/01jt3m,/m/04rlf,/m/09x0r"
P0T76Rc03_Q,0,10,"/m/01jt3m,/m/04rlf,/m/09x0r,/t/dd00125"
P3VT_FsOCW8,220,230,"/m/01jt3m,/m/0838f"
P3dNQQido0o,20,30,"/m/01jt3m,/m/09x0r"
P5oP9Kf7IXE,110,120,/m/01jt3m
P6NXNGPa5Ao,10,20,"/m/01jt3m,/m/0838f"
P6zUiPZBOIA,20,30,"/m/01jt3m,/m/04k94"
